gene_label,gene
A2M,http://identifiers.org/hgnc/7
ABC10-43608400O15.1,https://purl.org/ccf/ASCTB-TEMP_abc10-43608400o15-1
ABCA1,http://identifiers.org/hgnc/29
ABCA13,http://identifiers.org/hgnc/14638
ABCA3,http://identifiers.org/hgnc/33
ABCA4,http://identifiers.org/hgnc/34
ABCA8,http://identifiers.org/hgnc/38
ABCB11,http://identifiers.org/hgnc/42
ABCG2,http://identifiers.org/hgnc/74
ABCG2,https://purl.org/ccf/ASCTB-TEMP_abcg2
ABI3BP,http://identifiers.org/hgnc/17265
ABLIM1,http://identifiers.org/hgnc/78
AC002066.1,https://purl.org/ccf/ASCTB-TEMP_ac002066-1
AC003099.2,https://purl.org/ccf/ASCTB-TEMP_ac003099-2
AC004538.3,https://purl.org/ccf/ASCTB-TEMP_ac004538-3
AC004862.6,https://purl.org/ccf/ASCTB-TEMP_ac004862-6
AC005150.1,https://purl.org/ccf/ASCTB-TEMP_ac005150-1
AC007682.1,https://purl.org/ccf/ASCTB-TEMP_ac007682-1
AC010091.1,https://purl.org/ccf/ASCTB-TEMP_ac010091-1
AC011288.2,https://purl.org/ccf/ASCTB-TEMP_ac011288-2
AC018717.1,https://purl.org/ccf/ASCTB-TEMP_ac018717-1
AC064875.2,https://purl.org/ccf/ASCTB-TEMP_ac064875-2
AC067959.1,https://purl.org/ccf/ASCTB-TEMP_ac067959-1
AC079135.1,https://purl.org/ccf/ASCTB-TEMP_ac079135-1
AC084149.2,https://purl.org/ccf/ASCTB-TEMP_ac084149-2
AC092684.1,https://purl.org/ccf/ASCTB-TEMP_ac092684-1
AC114765.1,https://purl.org/ccf/ASCTB-TEMP_ac114765-1
AC133680.1,https://purl.org/ccf/ASCTB-TEMP_ac133680-1
ACKR4,http://identifiers.org/hgnc/1611
ACP3,http://identifiers.org/hgnc/125
ACSM2A,http://identifiers.org/hgnc/32017
ACTA1,http://identifiers.org/hgnc/129
ACTA2-AS1,http://identifiers.org/hgnc/45169
ACTG1,http://identifiers.org/hgnc/144
ACTN1,http://identifiers.org/hgnc/163
ACVR1C,http://identifiers.org/hgnc/18123
ADA,http://identifiers.org/hgnc/186
ADAM28,http://identifiers.org/hgnc/206
ADAM33,http://identifiers.org/hgnc/15478
ADAMTS12,http://identifiers.org/hgnc/14605
ADAMTS16,http://identifiers.org/hgnc/17108
ADAMTS17,http://identifiers.org/hgnc/17109
ADAMTS20,http://identifiers.org/hgnc/17178
ADAMTS3,http://identifiers.org/hgnc/219
ADAMTS6,http://identifiers.org/hgnc/222
ADAMTS9-AS2,http://identifiers.org/hgnc/42435
ADAMTSL1,http://identifiers.org/hgnc/14632
ADARB2,http://identifiers.org/hgnc/227
ADCY3,http://identifiers.org/hgnc/234
ADD3,http://identifiers.org/hgnc/245
ADD3-AS1,http://identifiers.org/hgnc/48682
ADGRD2,http://identifiers.org/hgnc/18651
ADGRE1,http://identifiers.org/hgnc/3336
ADGRG6,http://identifiers.org/hgnc/13841
ADIPOR1,http://identifiers.org/hgnc/24040
ADRA1A,http://identifiers.org/hgnc/277
ADRA2A,http://identifiers.org/hgnc/281
AE000661.37,https://purl.org/ccf/ASCTB-TEMP_ae000661-37
AGR2,http://identifiers.org/hgnc/328
AHR,http://identifiers.org/hgnc/348
AICDA,http://identifiers.org/hgnc/13203
AIF1,http://identifiers.org/hgnc/352
AIFM2,http://identifiers.org/hgnc/21411
AIRE,http://identifiers.org/hgnc/360
AJ006995.3,https://purl.org/ccf/ASCTB-TEMP_aj006995-3
AJ006998.2,https://purl.org/ccf/ASCTB-TEMP_aj006998-2
AKR1C1,http://identifiers.org/hgnc/384
ALDH,https://purl.org/ccf/ASCTB-TEMP_aldh
ALDH1A2,http://identifiers.org/hgnc/15472
ALDH1A3,http://identifiers.org/hgnc/409
ALDH2,http://identifiers.org/hgnc/404
ALDOB,http://identifiers.org/hgnc/417
ALG13,http://identifiers.org/hgnc/30881
ALK,http://identifiers.org/hgnc/427
ALKAL2,http://identifiers.org/hgnc/27683
ANGPT1,http://identifiers.org/hgnc/484
ANGPTL4,http://identifiers.org/hgnc/16039
ANKFN1,http://identifiers.org/hgnc/26766
ANKRD20A11P,http://identifiers.org/hgnc/42024
ANKRD30B,http://identifiers.org/hgnc/24165
ANLN,http://identifiers.org/hgnc/14082
ANO2,http://identifiers.org/hgnc/1183
ANOS1,http://identifiers.org/hgnc/6211
ANPEP,http://identifiers.org/hgnc/500
ANXA1,http://identifiers.org/hgnc/533
ANXA2,http://identifiers.org/hgnc/537
ANXA4,http://identifiers.org/hgnc/542
AP000331.1,https://purl.org/ccf/ASCTB-TEMP_ap000331-1
AP3M2,http://identifiers.org/hgnc/570
APBB1IP,http://identifiers.org/hgnc/17379
APLN,http://identifiers.org/hgnc/16665
APLNR,http://identifiers.org/hgnc/339
APLP2,http://identifiers.org/hgnc/598
APOC1,http://identifiers.org/hgnc/607
APOE,http://identifiers.org/hgnc/613
AQP0 residues 1-263 +fatty acyl,https://purl.org/ccf/ASCTB-TEMP_aqp0-residues-1-263-fatty-acyl
AQP1,http://identifiers.org/hgnc/633
AQP2,http://identifiers.org/hgnc/634
AQP3,http://identifiers.org/hgnc/636
AQP4,http://identifiers.org/hgnc/637
AQP6,http://identifiers.org/hgnc/639
ARHGAP42,http://identifiers.org/hgnc/26545
ARHGAP6,http://identifiers.org/hgnc/676
ARID5B,http://identifiers.org/hgnc/17362
ARMH1,http://identifiers.org/hgnc/34345
ARR3,http://identifiers.org/hgnc/710
ASAH2,http://identifiers.org/hgnc/18860
ASCC1,http://identifiers.org/hgnc/24268
ASCL1,http://identifiers.org/hgnc/738
ASCL2,http://identifiers.org/hgnc/739
ASCL2,https://purl.org/ccf/ASCTB-TEMP_ascl2
ASCL3,http://identifiers.org/hgnc/740
ASPN,http://identifiers.org/hgnc/14872
ATF4P4,http://identifiers.org/hgnc/787
ATP10A,http://identifiers.org/hgnc/13542
ATP1A1,http://identifiers.org/hgnc/799
ATP1A2,http://identifiers.org/hgnc/800
ATP6V0A4,http://identifiers.org/hgnc/866
ATP6V0D2,http://identifiers.org/hgnc/18266
AVIL,http://identifiers.org/hgnc/14188
AVP,http://identifiers.org/hgnc/894
AVPR1A,http://identifiers.org/hgnc/895
AXL,http://identifiers.org/hgnc/905
AZU1,http://identifiers.org/hgnc/913
B3GAT1,http://identifiers.org/hgnc/921
BATF,http://identifiers.org/hgnc/958
BATF3,http://identifiers.org/hgnc/28915
BCAM,http://identifiers.org/hgnc/6722
BCAS1,http://identifiers.org/hgnc/974
BCHE,http://identifiers.org/hgnc/983
BCL11A,http://identifiers.org/hgnc/13221
BCL11B,http://identifiers.org/hgnc/13222
BCL2,http://identifiers.org/hgnc/990
BCL6,http://identifiers.org/hgnc/1001
BCL7A,http://identifiers.org/hgnc/1004
BDNF,http://identifiers.org/hgnc/1033
BEST3,http://identifiers.org/hgnc/17105
BEST4,http://identifiers.org/hgnc/17106
BEST4,https://purl.org/ccf/ASCTB-TEMP_best4
BEX1,http://identifiers.org/hgnc/1036
BFSP2,http://identifiers.org/hgnc/1041
BHLHE22,http://identifiers.org/hgnc/11963
BIRC3,http://identifiers.org/hgnc/591
BLVRB,http://identifiers.org/hgnc/1063
BMP1,http://identifiers.org/hgnc/1067
BMP5,http://identifiers.org/hgnc/1072
BMP6,http://identifiers.org/hgnc/1073
BMPR1B,http://identifiers.org/hgnc/1077
BMX,http://identifiers.org/hgnc/1079
BNC2,http://identifiers.org/hgnc/30988
BPGM,http://identifiers.org/hgnc/1093
BPIFA1,http://identifiers.org/hgnc/15749
BSND,http://identifiers.org/hgnc/16512
BST1,http://identifiers.org/hgnc/1118
BST2,http://identifiers.org/hgnc/1119
BTBD11,https://purl.org/ccf/ASCTB-TEMP_btbd11
BTNL9,http://identifiers.org/hgnc/24176
C10orf90,http://identifiers.org/hgnc/26563
C11orf96,http://identifiers.org/hgnc/38675
C1QA,http://identifiers.org/hgnc/1241
C1QL1,http://identifiers.org/hgnc/24182
C1QL2,http://identifiers.org/hgnc/24181
C1QTNF5,http://identifiers.org/hgnc/14344
C1QTNF7,http://identifiers.org/hgnc/14342
C1orf162,http://identifiers.org/hgnc/28344
C1orf54,http://identifiers.org/hgnc/26258
C3,http://identifiers.org/hgnc/1318
C7,http://identifiers.org/hgnc/1346
C9orf16,https://purl.org/ccf/ASCTB-TEMP_c9orf16
CA2,http://identifiers.org/hgnc/1373
CA2,https://purl.org/ccf/ASCTB-TEMP_ca2
CA4,http://identifiers.org/hgnc/1375
CA7,https://purl.org/ccf/ASCTB-TEMP_ca7
CABP1,http://identifiers.org/hgnc/1384
CABP5,http://identifiers.org/hgnc/13714
CACNA1G,http://identifiers.org/hgnc/1394
CACNG5,http://identifiers.org/hgnc/1409
CADM1,http://identifiers.org/hgnc/5951
CADPS2,http://identifiers.org/hgnc/16018
CALB1,http://identifiers.org/hgnc/1434
CALB2,http://identifiers.org/hgnc/1435
CALCB,http://identifiers.org/hgnc/1438
CALCRL,http://identifiers.org/hgnc/16709
CALD1,http://identifiers.org/hgnc/1441
CALM1,http://identifiers.org/hgnc/1442
CALML5,http://identifiers.org/hgnc/18180
CALR,http://identifiers.org/hgnc/1455
CAMK2B,http://identifiers.org/hgnc/1461
CAMK4,http://identifiers.org/hgnc/1464
CAMP,http://identifiers.org/hgnc/1472
CAPN8,http://identifiers.org/hgnc/1485
CAPS,http://identifiers.org/hgnc/1487
CARD16,http://identifiers.org/hgnc/33701
CARHSP1,http://identifiers.org/hgnc/17150
CARM1P1,http://identifiers.org/hgnc/23392
CARMN,http://identifiers.org/hgnc/42872
CARNS1,http://identifiers.org/hgnc/29268
CARTPT,http://identifiers.org/hgnc/24323
CASC6,http://identifiers.org/hgnc/49076
CASQ2,http://identifiers.org/hgnc/1513
CASR,http://identifiers.org/hgnc/1514
CASZ1,http://identifiers.org/hgnc/26002
CAV1,http://identifiers.org/hgnc/1527
CAVIN2,http://identifiers.org/hgnc/10690
CBLN1,http://identifiers.org/hgnc/1543
CBLN2,http://identifiers.org/hgnc/1544
CBLN4,http://identifiers.org/hgnc/16231
CCBE1,http://identifiers.org/hgnc/29426
CCDC102B,http://identifiers.org/hgnc/26295
CCDC26,http://identifiers.org/hgnc/28416
CCDC50,http://identifiers.org/hgnc/18111
CCK,http://identifiers.org/hgnc/1569
CCL14,http://identifiers.org/hgnc/10612
CCL20,http://identifiers.org/hgnc/10619
CCL25,http://identifiers.org/hgnc/10624
CCL3,http://identifiers.org/hgnc/10627
CCL4,http://identifiers.org/hgnc/10630
CCN1,http://identifiers.org/hgnc/2654
CCN2,http://identifiers.org/hgnc/2500
CCN4,http://identifiers.org/hgnc/12769
CCNG2,http://identifiers.org/hgnc/1593
CCNH,http://identifiers.org/hgnc/1594
CCR1,http://identifiers.org/hgnc/1602
CCR2,http://identifiers.org/hgnc/1603
CCR3,http://identifiers.org/hgnc/1604
CCR4,http://identifiers.org/hgnc/1605
CCR6,http://identifiers.org/hgnc/1607
CCR9,http://identifiers.org/hgnc/1610
CD117,https://purl.org/ccf/ASCTB-TEMP_cd117
CD11b,https://purl.org/ccf/ASCTB-TEMP_cd11b
CD11c,https://purl.org/ccf/ASCTB-TEMP_cd11c
CD123,https://purl.org/ccf/ASCTB-TEMP_cd123
CD127,https://purl.org/ccf/ASCTB-TEMP_cd127
CD138,https://purl.org/ccf/ASCTB-TEMP_cd138
CD15,https://purl.org/ccf/ASCTB-TEMP_cd15
CD16,https://purl.org/ccf/ASCTB-TEMP_cd16
CD160,http://identifiers.org/hgnc/17013
CD161,https://purl.org/ccf/ASCTB-TEMP_cd161
CD1D,http://identifiers.org/hgnc/1637
CD1E,http://identifiers.org/hgnc/1638
CD200,http://identifiers.org/hgnc/7203
CD200R1L,http://identifiers.org/hgnc/24665
CD206,https://purl.org/ccf/ASCTB-TEMP_cd206
CD207,http://identifiers.org/hgnc/17935
CD209,http://identifiers.org/hgnc/1641
CD21,https://purl.org/ccf/ASCTB-TEMP_cd21
CD22,http://identifiers.org/hgnc/1643
CD226,http://identifiers.org/hgnc/16961
CD24,http://identifiers.org/hgnc/1645
CD247,http://identifiers.org/hgnc/1677
CD25,https://purl.org/ccf/ASCTB-TEMP_cd25
CD27,http://identifiers.org/hgnc/11922
CD274,http://identifiers.org/hgnc/17635
CD294,https://purl.org/ccf/ASCTB-TEMP_cd294
CD3,https://purl.org/ccf/ASCTB-TEMP_cd3
CD300LG,http://identifiers.org/hgnc/30455
CD31,https://purl.org/ccf/ASCTB-TEMP_cd31
CD33,http://identifiers.org/hgnc/1659
CD36,http://identifiers.org/hgnc/1663
CD36,https://purl.org/ccf/ASCTB-TEMP_cd36
CD3W,http://identifiers.org/hgnc/1676
CD40,http://identifiers.org/hgnc/11919
CD44,http://identifiers.org/hgnc/1681
CD44,https://purl.org/ccf/ASCTB-TEMP_cd44
CD52,http://identifiers.org/hgnc/1804
CD53,http://identifiers.org/hgnc/1686
CD56,https://purl.org/ccf/ASCTB-TEMP_cd56
CD57,https://purl.org/ccf/ASCTB-TEMP_cd57
CD59,http://identifiers.org/hgnc/1689
CD5L,http://identifiers.org/hgnc/1690
CD69,http://identifiers.org/hgnc/1694
CD69,https://purl.org/ccf/ASCTB-TEMP_cd69
CD7,http://identifiers.org/hgnc/1695
CD7,https://purl.org/ccf/ASCTB-TEMP_cd7
CD74,http://identifiers.org/hgnc/1697
CD79A,http://identifiers.org/hgnc/1698
CD8,https://purl.org/ccf/ASCTB-TEMP_cd8
CD80,http://identifiers.org/hgnc/1700
CD82,http://identifiers.org/hgnc/6210
CD83,http://identifiers.org/hgnc/1703
CD86,http://identifiers.org/hgnc/1705
CD9,http://identifiers.org/hgnc/1709
CD90,https://purl.org/ccf/ASCTB-TEMP_cd90
CDC20B,http://identifiers.org/hgnc/24222
CDCA2,http://identifiers.org/hgnc/14623
CDH1,http://identifiers.org/hgnc/1748
CDH12,http://identifiers.org/hgnc/1751
CDH13,http://identifiers.org/hgnc/1753
CDH18,http://identifiers.org/hgnc/1757
CDH2,http://identifiers.org/hgnc/1759
CDH23,http://identifiers.org/hgnc/13733
CDH24,http://identifiers.org/hgnc/14265
CDH6,http://identifiers.org/hgnc/1765
CDH7,http://identifiers.org/hgnc/1766
CDH9,http://identifiers.org/hgnc/1768
CDHR3,http://identifiers.org/hgnc/26308
CDHR4,http://identifiers.org/hgnc/34527
CDK1,http://identifiers.org/hgnc/1722
CDON,http://identifiers.org/hgnc/17104
CDR2,http://identifiers.org/hgnc/1799
CEBPB,http://identifiers.org/hgnc/1834
CELA3A,http://identifiers.org/hgnc/15944
CEMIP,http://identifiers.org/hgnc/29213
CERCAM,http://identifiers.org/hgnc/23723
CES1,http://identifiers.org/hgnc/1863
CFAP299,http://identifiers.org/hgnc/28554
CFAP47,http://identifiers.org/hgnc/26708
CFAP73,http://identifiers.org/hgnc/37100
CFB,http://identifiers.org/hgnc/1037
CFH,http://identifiers.org/hgnc/4883
CFTR,http://identifiers.org/hgnc/1884
CFTR,https://purl.org/ccf/ASCTB-TEMP_cftr
CGB3,http://identifiers.org/hgnc/1886
CGRP,https://purl.org/ccf/ASCTB-TEMP_cgrp
CH17-174L20.1,https://purl.org/ccf/ASCTB-TEMP_ch17-174l20-1
CH25H,http://identifiers.org/hgnc/1907
CHAD,http://identifiers.org/hgnc/1909
CHAF1B,http://identifiers.org/hgnc/1911
CHAT,http://identifiers.org/hgnc/1912
CHGA,http://identifiers.org/hgnc/1929
CHI3L1,http://identifiers.org/hgnc/1932
CHI3L2,http://identifiers.org/hgnc/1933
CHRM2,http://identifiers.org/hgnc/1951
CHRM5,http://identifiers.org/hgnc/1954
CHRNA1,http://identifiers.org/hgnc/1955
CHRNA7,http://identifiers.org/hgnc/1960
CHST9,http://identifiers.org/hgnc/19898
CIB2,http://identifiers.org/hgnc/24579
CIITA,http://identifiers.org/hgnc/7067
CILP2,http://identifiers.org/hgnc/24213
CKAP4,http://identifiers.org/hgnc/16991
CKLF,http://identifiers.org/hgnc/13253
CLC,http://identifiers.org/hgnc/2014
CLCA4,https://purl.org/ccf/ASCTB-TEMP_clca4
CLCNKA,http://identifiers.org/hgnc/2026
CLCNKB,http://identifiers.org/hgnc/2027
CLDN1,http://identifiers.org/hgnc/2032
CLDN16,http://identifiers.org/hgnc/2037
CLEC11A,http://identifiers.org/hgnc/10576
CLEC12A,http://identifiers.org/hgnc/31713
CLEC14A,http://identifiers.org/hgnc/19832
CLEC4G,http://identifiers.org/hgnc/24591
CLEC4M,http://identifiers.org/hgnc/13523
CLEC7A,http://identifiers.org/hgnc/14558
CLIC3,http://identifiers.org/hgnc/2064
CLIC5,http://identifiers.org/hgnc/13517
CLMP,http://identifiers.org/hgnc/24039
CLSPN,http://identifiers.org/hgnc/19715
CLU,http://identifiers.org/hgnc/2095
CMA1,http://identifiers.org/hgnc/2097
CMC1,http://identifiers.org/hgnc/28783
CMTM8,http://identifiers.org/hgnc/19179
CNDP1,http://identifiers.org/hgnc/20675
CNTN1,http://identifiers.org/hgnc/2171
COBLL1,http://identifiers.org/hgnc/23571
COL15A1,http://identifiers.org/hgnc/2192
COL16A1,http://identifiers.org/hgnc/2193
COL18A1,http://identifiers.org/hgnc/2195
COL19A1,http://identifiers.org/hgnc/2196
COL1A2,http://identifiers.org/hgnc/2198
COL22A1,http://identifiers.org/hgnc/22989
COL24A1,http://identifiers.org/hgnc/20821
COL4A1,http://identifiers.org/hgnc/2202
COL4A2,http://identifiers.org/hgnc/2203
COL5A3,http://identifiers.org/hgnc/14864
COL6A1,http://identifiers.org/hgnc/2211
COL6A1,https://purl.org/ccf/ASCTB-TEMP_col6a1
COL6A2,http://identifiers.org/hgnc/2212
COL6A2,https://purl.org/ccf/ASCTB-TEMP_col6a2
COL9A1,http://identifiers.org/hgnc/2217
COLEC12,http://identifiers.org/hgnc/16016
CORO1A,http://identifiers.org/hgnc/2252
COX7A1,http://identifiers.org/hgnc/2287
CPA6,http://identifiers.org/hgnc/17245
CPE,http://identifiers.org/hgnc/2303
CPLX4,http://identifiers.org/hgnc/24330
CPVL,http://identifiers.org/hgnc/14399
CR1,http://identifiers.org/hgnc/2334
CR2,http://identifiers.org/hgnc/2336
CRABP1,http://identifiers.org/hgnc/2338
CRB2,http://identifiers.org/hgnc/18688
CRCP,http://identifiers.org/hgnc/17888
CRH,http://identifiers.org/hgnc/2355
CRHBP,http://identifiers.org/hgnc/2356
CRHR2,http://identifiers.org/hgnc/2358
CRIP1,http://identifiers.org/hgnc/2360
CRIPTO,http://identifiers.org/hgnc/11701
CRNDE,http://identifiers.org/hgnc/37078
CRTAM,http://identifiers.org/hgnc/24313
CRYAB,http://identifiers.org/hgnc/2389
CRYBA2,https://purl.org/ccf/ASCTB-TEMP_cryba2
CRYBG1,http://identifiers.org/hgnc/356
CRYM,http://identifiers.org/hgnc/2418
CSF1,https://purl.org/ccf/ASCTB-TEMP_csf1
CSF1R,http://identifiers.org/hgnc/2433
CSF1R,https://purl.org/ccf/ASCTB-TEMP_csf1r
CSF3,http://identifiers.org/hgnc/2438
CSF3R,http://identifiers.org/hgnc/2439
CSH1,http://identifiers.org/hgnc/2440
CSN1S1,http://identifiers.org/hgnc/2445
CSPG4,http://identifiers.org/hgnc/2466
CST3,http://identifiers.org/hgnc/2475
CSTA,http://identifiers.org/hgnc/2481
CTB-57H20.1,https://purl.org/ccf/ASCTB-TEMP_ctb-57h20-1
CTC-340A15.2,https://purl.org/ccf/ASCTB-TEMP_ctc-340a15-2
CTC-367F4.1,https://purl.org/ccf/ASCTB-TEMP_ctc-367f4-1
CTC-535M15.2,https://purl.org/ccf/ASCTB-TEMP_ctc-535m15-2
CTC-552D5.1,https://purl.org/ccf/ASCTB-TEMP_ctc-552d5-1
CTC-806A22.1,https://purl.org/ccf/ASCTB-TEMP_ctc-806a22-1
CTD-2008L17.2,https://purl.org/ccf/ASCTB-TEMP_ctd-2008l17-2
CTD-2050E21.1,https://purl.org/ccf/ASCTB-TEMP_ctd-2050e21-1
CTD-2050E21.2,https://purl.org/ccf/ASCTB-TEMP_ctd-2050e21-2
CTD-2058B24.2,https://purl.org/ccf/ASCTB-TEMP_ctd-2058b24-2
CTD-2195H9.1,https://purl.org/ccf/ASCTB-TEMP_ctd-2195h9-1
CTD-2215L10.1,https://purl.org/ccf/ASCTB-TEMP_ctd-2215l10-1
CTD-2288O8.3,https://purl.org/ccf/ASCTB-TEMP_ctd-2288o8-3
CTD-2533K21.4,https://purl.org/ccf/ASCTB-TEMP_ctd-2533k21-4
CTD-2545M3.8,https://purl.org/ccf/ASCTB-TEMP_ctd-2545m3-8
CTHRC1,http://identifiers.org/hgnc/18831
CTNNB1,http://identifiers.org/hgnc/2514
CTNNBL1,http://identifiers.org/hgnc/15879
CTRB1,http://identifiers.org/hgnc/2521
CTSG,http://identifiers.org/hgnc/2532
CTSH,http://identifiers.org/hgnc/2535
CTSS,http://identifiers.org/hgnc/2545
CTSV,http://identifiers.org/hgnc/2538
CTSW,http://identifiers.org/hgnc/2546
CTXN3,http://identifiers.org/hgnc/31110
CTXND1,http://identifiers.org/hgnc/50507
CUBN,http://identifiers.org/hgnc/2548
CX3CR1,http://identifiers.org/hgnc/2558
CXCL1,http://identifiers.org/hgnc/4602
CXCL12,http://identifiers.org/hgnc/10672
CXCL13,http://identifiers.org/hgnc/10639
CXCL14,http://identifiers.org/hgnc/10640
CXCL16,http://identifiers.org/hgnc/16642
CXCL5,http://identifiers.org/hgnc/10642
CXCL8,https://purl.org/ccf/ASCTB-TEMP_cxcl8
CXCL9,http://identifiers.org/hgnc/7098
CXCR3,http://identifiers.org/hgnc/4540
CXCR4,http://identifiers.org/hgnc/2561
CXCR4,https://purl.org/ccf/ASCTB-TEMP_cxcr4
CXCR5,http://identifiers.org/hgnc/1060
CYGB,http://identifiers.org/hgnc/16505
CYP19A1,http://identifiers.org/hgnc/2594
CYP1B1-AS1,http://identifiers.org/hgnc/28543
CYP27A1,http://identifiers.org/hgnc/2605
CYP2A7,http://identifiers.org/hgnc/2611
CYP2D6,http://identifiers.org/hgnc/2625
CYP3A4,http://identifiers.org/hgnc/2637
Chromogranin,https://purl.org/ccf/ASCTB-TEMP_chromogranin
Cytokeratin,https://purl.org/ccf/ASCTB-TEMP_cytokeratin
Cytokeratin 7,https://purl.org/ccf/ASCTB-TEMP_cytokeratin-7
DACH1,http://identifiers.org/hgnc/2663
DACH2,http://identifiers.org/hgnc/16814
DBH,http://identifiers.org/hgnc/2689
DCAF12,http://identifiers.org/hgnc/19911
DCDC2C,http://identifiers.org/hgnc/32696
DCLK1,http://identifiers.org/hgnc/2700
DCLK1,https://purl.org/ccf/ASCTB-TEMP_dclk1
DCSTAMP,http://identifiers.org/hgnc/18549
DDB2,http://identifiers.org/hgnc/2718
DDIT4,http://identifiers.org/hgnc/24944
DDR2,http://identifiers.org/hgnc/2731
DEFA5,http://identifiers.org/hgnc/2764
DEFB1,http://identifiers.org/hgnc/2766
DENND2D,http://identifiers.org/hgnc/26192
DEUP1,http://identifiers.org/hgnc/26344
DGKI,http://identifiers.org/hgnc/2855
DIRAS3,http://identifiers.org/hgnc/687
DKK1,http://identifiers.org/hgnc/2891
DKK2,http://identifiers.org/hgnc/2892
DKK3,http://identifiers.org/hgnc/2893
DLK1,http://identifiers.org/hgnc/2907
DMRTA1,http://identifiers.org/hgnc/13826
DNASE1L3,http://identifiers.org/hgnc/2959
DNTT,http://identifiers.org/hgnc/2983
DOCK8,http://identifiers.org/hgnc/19191
DPP4,http://identifiers.org/hgnc/3009
DPT,http://identifiers.org/hgnc/3011
DRD1,http://identifiers.org/hgnc/3020
DRD2,http://identifiers.org/hgnc/3023
DRD3,http://identifiers.org/hgnc/3024
DSC2,http://identifiers.org/hgnc/3036
DTHD1,http://identifiers.org/hgnc/37261
DTL,http://identifiers.org/hgnc/30288
DUSP2,http://identifiers.org/hgnc/3068
DUSP4,http://identifiers.org/hgnc/3070
DYNLRB2,http://identifiers.org/hgnc/15467
E2F8,http://identifiers.org/hgnc/24727
EBF1,http://identifiers.org/hgnc/3126
EBF2,http://identifiers.org/hgnc/19090
EBF3,http://identifiers.org/hgnc/19087
EDN1,http://identifiers.org/hgnc/3176
EDNRA,http://identifiers.org/hgnc/3179
EDNRB,http://identifiers.org/hgnc/3180
EFNB2,http://identifiers.org/hgnc/3227
EGF,http://identifiers.org/hgnc/3229
EGFEM1P,http://identifiers.org/hgnc/25149
EGFR,http://identifiers.org/hgnc/3236
EHD3,http://identifiers.org/hgnc/3244
EIF4A3,http://identifiers.org/hgnc/18683
ELANE,http://identifiers.org/hgnc/3309
ELF3,http://identifiers.org/hgnc/3318
ELN,http://identifiers.org/hgnc/3327
ELOVL4,http://identifiers.org/hgnc/14415
EMCN,http://identifiers.org/hgnc/16041
EMX2,http://identifiers.org/hgnc/3341
ENG,http://identifiers.org/hgnc/3349
ENO2,http://identifiers.org/hgnc/3353
ENPP2,http://identifiers.org/hgnc/3357
ENPP3,http://identifiers.org/hgnc/3358
ENTPD1,http://identifiers.org/hgnc/3363
ENTPD3,http://identifiers.org/hgnc/3365
EOMES,http://identifiers.org/hgnc/3372
EPB41L4A,http://identifiers.org/hgnc/13278
EPHB4,http://identifiers.org/hgnc/3395
EPX,http://identifiers.org/hgnc/3423
ERBB4,http://identifiers.org/hgnc/3432
EREG,http://identifiers.org/hgnc/3443
ERG,http://identifiers.org/hgnc/3446
ESAM,http://identifiers.org/hgnc/17474
ESR1,http://identifiers.org/hgnc/3467
ESR2,http://identifiers.org/hgnc/3468
ETNPPL,http://identifiers.org/hgnc/14404
ETS1,http://identifiers.org/hgnc/3488
ETV1,http://identifiers.org/hgnc/3490
EYA2,http://identifiers.org/hgnc/3520
EYA4,http://identifiers.org/hgnc/3522
EYS,http://identifiers.org/hgnc/21555
EZR,http://identifiers.org/hgnc/12691
F11-AS1,http://identifiers.org/hgnc/27725
F13A1,http://identifiers.org/hgnc/3531
F3,http://identifiers.org/hgnc/3541
FABP5,http://identifiers.org/hgnc/3560
FAM111B,http://identifiers.org/hgnc/24200
FAM114A1,http://identifiers.org/hgnc/25087
FAM160A1,https://purl.org/ccf/ASCTB-TEMP_fam160a1
FAM163A,http://identifiers.org/hgnc/28274
FAM177A1,http://identifiers.org/hgnc/19829
FAM178B,http://identifiers.org/hgnc/28036
FAM222A,http://identifiers.org/hgnc/25915
FAM83B,http://identifiers.org/hgnc/21357
FAM83D,http://identifiers.org/hgnc/16122
FAM9B,http://identifiers.org/hgnc/18404
FANK1,http://identifiers.org/hgnc/23527
FASN,http://identifiers.org/hgnc/3594
FBLN1,http://identifiers.org/hgnc/3600
FBLN2,http://identifiers.org/hgnc/3601
FBN1,http://identifiers.org/hgnc/3603
FBN2,http://identifiers.org/hgnc/3604
FBXL21P,http://identifiers.org/hgnc/13600
FBXL7,http://identifiers.org/hgnc/13604
FCAMR,http://identifiers.org/hgnc/24692
FCER1G,http://identifiers.org/hgnc/3611
FCER2,http://identifiers.org/hgnc/3612
FCGBP,http://identifiers.org/hgnc/13572
FCGR1A,http://identifiers.org/hgnc/3613
FCGR1BP,http://identifiers.org/hgnc/3614
FCGR2B,http://identifiers.org/hgnc/3618
FCGRT,http://identifiers.org/hgnc/3621
FER1L6-AS2,http://identifiers.org/hgnc/26534
FEZF1,http://identifiers.org/hgnc/22788
FGF10,http://identifiers.org/hgnc/3666
FGF17,http://identifiers.org/hgnc/3673
FGFR2,http://identifiers.org/hgnc/3689
FGFR3,http://identifiers.org/hgnc/3690
FGFR4,http://identifiers.org/hgnc/3691
FHOD1,http://identifiers.org/hgnc/17905
FIGN,http://identifiers.org/hgnc/13285
FKBP11,http://identifiers.org/hgnc/18624
FLNB,http://identifiers.org/hgnc/3755
FLT3,http://identifiers.org/hgnc/3765
FLT3LG,http://identifiers.org/hgnc/3766
FN1,http://identifiers.org/hgnc/3778
FNBP1,http://identifiers.org/hgnc/17069
FNDC1,http://identifiers.org/hgnc/21184
FOLR1,http://identifiers.org/hgnc/3791
FOLR2,http://identifiers.org/hgnc/3793
FOSB,http://identifiers.org/hgnc/3797
FOXC1,http://identifiers.org/hgnc/3800
FOXD1,http://identifiers.org/hgnc/3802
FOXN4,http://identifiers.org/hgnc/21399
FOXO1,http://identifiers.org/hgnc/3819
FOXP2,http://identifiers.org/hgnc/13875
FREM1,http://identifiers.org/hgnc/23399
FREM2,http://identifiers.org/hgnc/25396
FRMD7,http://identifiers.org/hgnc/8079
FRMPD2,http://identifiers.org/hgnc/28572
FSHR,http://identifiers.org/hgnc/3969
FST,http://identifiers.org/hgnc/3971
FSTL5,http://identifiers.org/hgnc/21386
FXYD3,http://identifiers.org/hgnc/4027
FXYD4,http://identifiers.org/hgnc/4028
GABRB2,http://identifiers.org/hgnc/4082
GABRG1,http://identifiers.org/hgnc/4086
GABRQ,http://identifiers.org/hgnc/14454
GAD1,http://identifiers.org/hgnc/4092
GAD2,http://identifiers.org/hgnc/4093
GALNT10,http://identifiers.org/hgnc/19873
GAS1RR,http://identifiers.org/hgnc/52261
GAST,http://identifiers.org/hgnc/4164
GATA3,http://identifiers.org/hgnc/4172
GATM,http://identifiers.org/hgnc/4175
GBP2,http://identifiers.org/hgnc/4183
GCG,http://identifiers.org/hgnc/4191
GEM,http://identifiers.org/hgnc/4234
GFAP,http://identifiers.org/hgnc/4235
GFRA1,http://identifiers.org/hgnc/4243
GIMAP4,http://identifiers.org/hgnc/21872
GIMAP7,http://identifiers.org/hgnc/22404
GJA1,http://identifiers.org/hgnc/4274
GJA5,http://identifiers.org/hgnc/4279
GJC1,http://identifiers.org/hgnc/4280
GJC2,http://identifiers.org/hgnc/17494
GLI3,http://identifiers.org/hgnc/4319
GLP1R,http://identifiers.org/hgnc/4324
GLP2R,http://identifiers.org/hgnc/4325
GLT1D1,http://identifiers.org/hgnc/26483
GLUL,http://identifiers.org/hgnc/4341
GMNN,http://identifiers.org/hgnc/17493
GNAO1,http://identifiers.org/hgnc/4389
GNAS,http://identifiers.org/hgnc/4392
GNAT1,http://identifiers.org/hgnc/4393
GNAT2,http://identifiers.org/hgnc/4394
GNB1,http://identifiers.org/hgnc/4396
GNB3,http://identifiers.org/hgnc/4400
GNG11,http://identifiers.org/hgnc/4403
GNG8,http://identifiers.org/hgnc/19664
GNGT1,http://identifiers.org/hgnc/4411
GNGT2,http://identifiers.org/hgnc/4412
GP1BA,http://identifiers.org/hgnc/4439
GPAM,http://identifiers.org/hgnc/24865
GPC5,http://identifiers.org/hgnc/4453
GPIHBP1,http://identifiers.org/hgnc/24945
GPM6A,http://identifiers.org/hgnc/4460
GPNMB,http://identifiers.org/hgnc/4462
GPR17,http://identifiers.org/hgnc/4471
GPR183,http://identifiers.org/hgnc/3128
GPX2,http://identifiers.org/hgnc/4554
GRAMD2A,http://identifiers.org/hgnc/27287
GRB14,http://identifiers.org/hgnc/4565
GRIK1,http://identifiers.org/hgnc/4579
GRIN2C,http://identifiers.org/hgnc/4587
GRM6,http://identifiers.org/hgnc/4598
GSN,http://identifiers.org/hgnc/4620
GTSE1,http://identifiers.org/hgnc/13698
GUCA1A,http://identifiers.org/hgnc/4678
GUCA1C,http://identifiers.org/hgnc/4680
GYPA,http://identifiers.org/hgnc/4702
Glutamate synthetase,https://purl.org/ccf/ASCTB-TEMP_glutamate-synthetase
HAL,http://identifiers.org/hgnc/4806
HBA1,http://identifiers.org/hgnc/4823
HBA2,http://identifiers.org/hgnc/4824
HBB,http://identifiers.org/hgnc/4827
HBG1,http://identifiers.org/hgnc/4831
HBG2,http://identifiers.org/hgnc/4832
HCFC1R1,http://identifiers.org/hgnc/21198
HCN1,http://identifiers.org/hgnc/4845
HCN4,http://identifiers.org/hgnc/16882
HCRTR2,http://identifiers.org/hgnc/4849
HCST,http://identifiers.org/hgnc/16977
HECA,http://identifiers.org/hgnc/21041
HECW2,http://identifiers.org/hgnc/29853
HEPACAM2,http://identifiers.org/hgnc/27364
HERC2P3,http://identifiers.org/hgnc/4871
HES1,https://purl.org/ccf/ASCTB-TEMP_hes1
HES4,http://identifiers.org/hgnc/24149
HES6,http://identifiers.org/hgnc/18254
HEY1,http://identifiers.org/hgnc/4880
HEY2,http://identifiers.org/hgnc/4881
HGF,http://identifiers.org/hgnc/4893
HHEX,http://identifiers.org/hgnc/4901
HHIP,http://identifiers.org/hgnc/14866
HIF1A-AS3,http://identifiers.org/hgnc/54284
HLA-A,http://identifiers.org/hgnc/4931
HLA-B,http://identifiers.org/hgnc/4932
HLA-C,http://identifiers.org/hgnc/4933
HLA-DPA1,http://identifiers.org/hgnc/4938
HLA-DPB1,http://identifiers.org/hgnc/4940
HLA-DQA1,http://identifiers.org/hgnc/4942
HLA-DQA2,http://identifiers.org/hgnc/4943
HLA-DQB1,http://identifiers.org/hgnc/4944
HLA-DR,https://purl.org/ccf/ASCTB-TEMP_hla-dr
HLA-DRA,http://identifiers.org/hgnc/4947
HLA-DRB1,http://identifiers.org/hgnc/4948
HLA-G,http://identifiers.org/hgnc/4964
HLF,http://identifiers.org/hgnc/4977
HMCN1,http://identifiers.org/hgnc/19194
HMGA2,http://identifiers.org/hgnc/5009
HMGB2,https://purl.org/ccf/ASCTB-TEMP_hmgb2
HMX3,http://identifiers.org/hgnc/5019
HOPX,http://identifiers.org/hgnc/24961
HOXB3,http://identifiers.org/hgnc/5114
HOXC8,http://identifiers.org/hgnc/5129
HOXC9,http://identifiers.org/hgnc/5130
HOXD3,http://identifiers.org/hgnc/5137
HPD,http://identifiers.org/hgnc/5147
HPGD,http://identifiers.org/hgnc/5154
HPGDS,http://identifiers.org/hgnc/17890
HPSE2,http://identifiers.org/hgnc/18374
HRH3,http://identifiers.org/hgnc/5184
HS3ST3A1,http://identifiers.org/hgnc/5196
HS3ST4,http://identifiers.org/hgnc/5200
HS3ST5,http://identifiers.org/hgnc/19419
HSD11B2,http://identifiers.org/hgnc/5209
HSPB6,http://identifiers.org/hgnc/26511
HSPD1P8,http://identifiers.org/hgnc/35145
HTR2A,http://identifiers.org/hgnc/5293
HTR2C,http://identifiers.org/hgnc/5295
HTR3A,http://identifiers.org/hgnc/5297
IBSP,http://identifiers.org/hgnc/5341
ID1,http://identifiers.org/hgnc/5360
ID2,http://identifiers.org/hgnc/5361
ID3,http://identifiers.org/hgnc/5362
IDO1,http://identifiers.org/hgnc/6059
IFI27,http://identifiers.org/hgnc/5397
IFI44,http://identifiers.org/hgnc/16938
IFI6,http://identifiers.org/hgnc/4054
IFIT3,http://identifiers.org/hgnc/5411
IFITM3,http://identifiers.org/hgnc/5414
IGF1,http://identifiers.org/hgnc/5464
IGF1,https://purl.org/ccf/ASCTB-TEMP_igf1
IGF2BP2,http://identifiers.org/hgnc/28867
IGFBP3,http://identifiers.org/hgnc/5472
IGFBP5,http://identifiers.org/hgnc/5474
IGFBP7,http://identifiers.org/hgnc/5476
IGHA1,http://identifiers.org/hgnc/5478
IGHD,http://identifiers.org/hgnc/5480
IGHG1,http://identifiers.org/hgnc/5525
IGHG3,http://identifiers.org/hgnc/5527
IGHM,http://identifiers.org/hgnc/5541
IGKC,http://identifiers.org/hgnc/5716
IGLL5,http://identifiers.org/hgnc/38476
IGLL5,https://purl.org/ccf/ASCTB-TEMP_igll5
IKZF2,http://identifiers.org/hgnc/13177
IL10,http://identifiers.org/hgnc/5962
IL15,http://identifiers.org/hgnc/5977
IL1B,http://identifiers.org/hgnc/5992
IL1B,https://purl.org/ccf/ASCTB-TEMP_il1b
IL1R1,http://identifiers.org/hgnc/5993
IL1RAPL2,http://identifiers.org/hgnc/5997
IL1RL1,http://identifiers.org/hgnc/5998
IL2,http://identifiers.org/hgnc/6001
IL2RA,http://identifiers.org/hgnc/6008
IL2RG,http://identifiers.org/hgnc/6010
IL32,http://identifiers.org/hgnc/16830
IL3RA,http://identifiers.org/hgnc/6012
IL4,http://identifiers.org/hgnc/6014
IL4R,http://identifiers.org/hgnc/6015
IL5RA,http://identifiers.org/hgnc/6017
IL6,http://identifiers.org/hgnc/6018
IL7,http://identifiers.org/hgnc/6023
IL7R,http://identifiers.org/hgnc/6024
IL7R,https://purl.org/ccf/ASCTB-TEMP_il7r
INHA,http://identifiers.org/hgnc/6065
INHBA,http://identifiers.org/hgnc/6066
INHBB,http://identifiers.org/hgnc/6067
INHBC,http://identifiers.org/hgnc/6068
INHBE,http://identifiers.org/hgnc/24029
INMT,http://identifiers.org/hgnc/6069
INS,http://identifiers.org/hgnc/6081
INSL5,http://identifiers.org/hgnc/6088
INSM1,http://identifiers.org/hgnc/6090
INSRR,http://identifiers.org/hgnc/6093
IQGAP2,http://identifiers.org/hgnc/6111
IRAG2,http://identifiers.org/hgnc/6690
IRAK1,http://identifiers.org/hgnc/6112
IRF4,http://identifiers.org/hgnc/6119
IRF7,http://identifiers.org/hgnc/6122
IRF7,https://purl.org/ccf/ASCTB-TEMP_irf7
IRF8,http://identifiers.org/hgnc/5358
IRX2,http://identifiers.org/hgnc/14359
ISL1,http://identifiers.org/hgnc/6132
ISM1,http://identifiers.org/hgnc/16213
ITGA1,http://identifiers.org/hgnc/6134
ITGA11,http://identifiers.org/hgnc/6136
ITGA2,http://identifiers.org/hgnc/6137
ITGA3,http://identifiers.org/hgnc/6139
ITGA4,http://identifiers.org/hgnc/6140
ITGA5,http://identifiers.org/hgnc/6141
ITGA6,http://identifiers.org/hgnc/6142
ITGA7,http://identifiers.org/hgnc/6143
ITGAE,http://identifiers.org/hgnc/6147
ITGAL,http://identifiers.org/hgnc/6148
ITGAM,http://identifiers.org/hgnc/6149
ITGAV,http://identifiers.org/hgnc/6150
ITGAX,http://identifiers.org/hgnc/6152
ITGB1,http://identifiers.org/hgnc/6153
ITGB2,http://identifiers.org/hgnc/6155
ITGB3,http://identifiers.org/hgnc/6156
ITGB4,http://identifiers.org/hgnc/6158
ITGB5,http://identifiers.org/hgnc/6160
ITGBL1,http://identifiers.org/hgnc/6164
ITLN1,http://identifiers.org/hgnc/18259
ITLN1,https://purl.org/ccf/ASCTB-TEMP_itln1
ITM2A,http://identifiers.org/hgnc/6173
IVL,http://identifiers.org/hgnc/6187
Integrin ��3��1,https://purl.org/ccf/ASCTB-TEMP_integrin-3-1
Integrin ��5,https://purl.org/ccf/ASCTB-TEMP_integrin-5
JAG1,http://identifiers.org/hgnc/6188
JAM2,http://identifiers.org/hgnc/14686
JCHAIN,http://identifiers.org/hgnc/5713
KCNH2,http://identifiers.org/hgnc/6251
KCNH8,http://identifiers.org/hgnc/18864
KCNJ8,http://identifiers.org/hgnc/6269
KCNK2,http://identifiers.org/hgnc/6277
KCNT2,http://identifiers.org/hgnc/18866
KCTD12,http://identifiers.org/hgnc/14678
KIF19,http://identifiers.org/hgnc/26735
KIF25,http://identifiers.org/hgnc/6390
KIF4A,http://identifiers.org/hgnc/13339
KIT,http://identifiers.org/hgnc/6342
KIT,https://purl.org/ccf/ASCTB-TEMP_kit
KIZ-AS1,http://identifiers.org/hgnc/51231
KLF1,http://identifiers.org/hgnc/6345
KLF2,http://identifiers.org/hgnc/6347
KLF4,http://identifiers.org/hgnc/6348
KLF6,http://identifiers.org/hgnc/2235
KLHL1,http://identifiers.org/hgnc/6352
KLHL14,http://identifiers.org/hgnc/29266
KLHL41,http://identifiers.org/hgnc/16905
KLK3,http://identifiers.org/hgnc/6364
KLRB1,http://identifiers.org/hgnc/6373
KLRC1,http://identifiers.org/hgnc/6374
KLRG1,http://identifiers.org/hgnc/6380
KRT1,http://identifiers.org/hgnc/6412
KRT10,http://identifiers.org/hgnc/6413
KRT12,http://identifiers.org/hgnc/6414
KRT13,http://identifiers.org/hgnc/6415
KRT20,http://identifiers.org/hgnc/20412
KRT26,http://identifiers.org/hgnc/30840
KRT3,http://identifiers.org/hgnc/6440
KRT4,http://identifiers.org/hgnc/6441
KRT6A,http://identifiers.org/hgnc/6443
KRT7,http://identifiers.org/hgnc/6445
KRT86,http://identifiers.org/hgnc/6463
KRTAP5-6,http://identifiers.org/hgnc/23600
LAD1,http://identifiers.org/hgnc/6472
LAIR1,http://identifiers.org/hgnc/6477
LAMA1,http://identifiers.org/hgnc/6481
LAMA2,http://identifiers.org/hgnc/6482
LAMA3,http://identifiers.org/hgnc/6483
LAMB1,http://identifiers.org/hgnc/6486
LAMC3,http://identifiers.org/hgnc/6494
LAMP5,http://identifiers.org/hgnc/16097
LAPTM5,http://identifiers.org/hgnc/29612
LAT,http://identifiers.org/hgnc/18874
LAT2,http://identifiers.org/hgnc/12749
LCN2,http://identifiers.org/hgnc/6526
LCP2,http://identifiers.org/hgnc/6529
LDB3,http://identifiers.org/hgnc/15710
LEP,http://identifiers.org/hgnc/6553
LETR1,http://identifiers.org/hgnc/49597
LGALS2,http://identifiers.org/hgnc/6562
LGALS3,http://identifiers.org/hgnc/6563
LGMN,http://identifiers.org/hgnc/9472
LGR4,http://identifiers.org/hgnc/13299
LGR5,http://identifiers.org/hgnc/4504
LGR5,https://purl.org/ccf/ASCTB-TEMP_lgr5
LGR6,http://identifiers.org/hgnc/19719
LHX1,http://identifiers.org/hgnc/6593
LHX2,http://identifiers.org/hgnc/6594
LHX6,http://identifiers.org/hgnc/21735
LHX8,http://identifiers.org/hgnc/28838
LHX9,http://identifiers.org/hgnc/14222
LINC00261,http://identifiers.org/hgnc/16189
LINC00278,http://identifiers.org/hgnc/38712
LINC00299,http://identifiers.org/hgnc/27940
LINC00326,http://identifiers.org/hgnc/41926
LINC00343,http://identifiers.org/hgnc/42500
LINC00343,https://purl.org/ccf/ASCTB-TEMP_linc00343
LINC00355,http://identifiers.org/hgnc/27061
LINC00410,http://identifiers.org/hgnc/42742
LINC00499,http://identifiers.org/hgnc/43436
LINC00507,http://identifiers.org/hgnc/43558
LINC00508,http://identifiers.org/hgnc/43559
LINC00534,http://identifiers.org/hgnc/43643
LINC00609,http://identifiers.org/hgnc/43960
LINC00836,http://identifiers.org/hgnc/44915
LINC00943,http://identifiers.org/hgnc/48639
LINC01036,http://identifiers.org/hgnc/49024
LINC01117,http://identifiers.org/hgnc/49260
LINC01151,http://identifiers.org/hgnc/49471
LINC01210,http://identifiers.org/hgnc/49642
LINC01239,http://identifiers.org/hgnc/49796
LINC01320,http://identifiers.org/hgnc/50526
LINC01331,http://identifiers.org/hgnc/50538
LINC01378,http://identifiers.org/hgnc/50645
LINC01411,http://identifiers.org/hgnc/50703
LINC01482,http://identifiers.org/hgnc/51128
LINC01500,http://identifiers.org/hgnc/51166
LINC01539,http://identifiers.org/hgnc/51307
LINC01608,http://identifiers.org/hgnc/51662
LINC01680,http://identifiers.org/hgnc/52467
LINC01695,http://identifiers.org/hgnc/52483
LINC01727,http://identifiers.org/hgnc/52515
LINC01798,http://identifiers.org/hgnc/52588
LINC01821,http://identifiers.org/hgnc/52626
LINC01876,http://identifiers.org/hgnc/52695
LINC01885,http://identifiers.org/hgnc/52704
LINC01982,http://identifiers.org/hgnc/52812
LINC02008,http://identifiers.org/hgnc/52844
LINC02055,http://identifiers.org/hgnc/52895
LINC02137,http://identifiers.org/hgnc/52997
LINC02147,http://identifiers.org/hgnc/53007
LINC02153,http://identifiers.org/hgnc/27823
LINC02196,http://identifiers.org/hgnc/53062
LINC02232,http://identifiers.org/hgnc/53103
LINC02237,http://identifiers.org/hgnc/53108
LINC02248,http://identifiers.org/hgnc/53147
LINC02263,http://identifiers.org/hgnc/53175
LINC02296,http://identifiers.org/hgnc/53212
LINC02306,http://identifiers.org/hgnc/53225
LINC02424,http://identifiers.org/hgnc/53354
LINC02552,http://identifiers.org/hgnc/53587
LINC02642,http://identifiers.org/hgnc/54124
LINC02653,http://identifiers.org/hgnc/54138
LINC02712,http://identifiers.org/hgnc/54229
LINC02752,http://identifiers.org/hgnc/54272
LINC02770,http://identifiers.org/hgnc/54290
LINC02822,http://identifiers.org/hgnc/54353
LINC03122,http://identifiers.org/hgnc/26744
LIPE,http://identifiers.org/hgnc/6621
LMNTD1,http://identifiers.org/hgnc/26683
LMO2,http://identifiers.org/hgnc/6642
LMO3,http://identifiers.org/hgnc/6643
LMO4,http://identifiers.org/hgnc/6644
LMX1A,http://identifiers.org/hgnc/6653
LMX1B,http://identifiers.org/hgnc/6654
LNCAROD,http://identifiers.org/hgnc/50913
LOX,http://identifiers.org/hgnc/6664
LPAR1,http://identifiers.org/hgnc/3166
LPO,http://identifiers.org/hgnc/6678
LRIG1,http://identifiers.org/hgnc/17360
LRP2,http://identifiers.org/hgnc/6694
LRRN3,http://identifiers.org/hgnc/17200
LST1,http://identifiers.org/hgnc/14189
LTB,http://identifiers.org/hgnc/6711
LTBP1,http://identifiers.org/hgnc/6714
LTBP2,http://identifiers.org/hgnc/6715
LUZP2,http://identifiers.org/hgnc/23206
LY75,http://identifiers.org/hgnc/6729
LY86,http://identifiers.org/hgnc/16837
LYAR,http://identifiers.org/hgnc/26021
LYPD6,http://identifiers.org/hgnc/28751
LYZ,http://identifiers.org/hgnc/6740
MADCAM1,http://identifiers.org/hgnc/6765
MAF,http://identifiers.org/hgnc/6776
MAFA,http://identifiers.org/hgnc/23145
MAP1B,http://identifiers.org/hgnc/6836
MAP2,http://identifiers.org/hgnc/6839
MAP3K20,http://identifiers.org/hgnc/17797
MARCHF11,http://identifiers.org/hgnc/33609
MARCO,http://identifiers.org/hgnc/6895
MBP,http://identifiers.org/hgnc/6925
MCT,https://purl.org/ccf/ASCTB-TEMP_mct
MCTP1,http://identifiers.org/hgnc/26183
MCTP2,http://identifiers.org/hgnc/25636
MCUB,http://identifiers.org/hgnc/26076
MDFIC,http://identifiers.org/hgnc/28870
MECOM,http://identifiers.org/hgnc/3498
MEIS1,http://identifiers.org/hgnc/7000
MEIS2,http://identifiers.org/hgnc/7001
MEPE,http://identifiers.org/hgnc/13361
MEST,http://identifiers.org/hgnc/7028
MET,http://identifiers.org/hgnc/7029
MFGE8,http://identifiers.org/hgnc/7036
MFSD2A,http://identifiers.org/hgnc/25897
MGC4859,https://purl.org/ccf/ASCTB-TEMP_mgc4859
MGLL,https://purl.org/ccf/ASCTB-TEMP_mgll
MGP,http://identifiers.org/hgnc/7060
MIA,http://identifiers.org/hgnc/7076
MIP,http://identifiers.org/hgnc/7103
MIR3681HG,http://identifiers.org/hgnc/52001
MKX,http://identifiers.org/hgnc/23729
MLLT3,http://identifiers.org/hgnc/7136
MME,http://identifiers.org/hgnc/7154
MMP11,https://purl.org/ccf/ASCTB-TEMP_mmp11
MMP7,https://purl.org/ccf/ASCTB-TEMP_mmp7
MNDA,http://identifiers.org/hgnc/7183
MOBP,http://identifiers.org/hgnc/7189
MOG,http://identifiers.org/hgnc/7197
MOGAT1,http://identifiers.org/hgnc/18210
MOXD1,http://identifiers.org/hgnc/21063
MPZ,http://identifiers.org/hgnc/7225
MROH9,http://identifiers.org/hgnc/26287
MS4A3,http://identifiers.org/hgnc/7317
MSC-AS1,http://identifiers.org/hgnc/48724
MSLN,http://identifiers.org/hgnc/7371
MSMB,http://identifiers.org/hgnc/7372
MSMP,http://identifiers.org/hgnc/29663
MSR1,http://identifiers.org/hgnc/7376
MT1E,http://identifiers.org/hgnc/7397
MT1G,http://identifiers.org/hgnc/7399
MT1H,http://identifiers.org/hgnc/7400
MUC1,http://identifiers.org/hgnc/7508
MUC2,http://identifiers.org/hgnc/7512
MUC2,https://purl.org/ccf/ASCTB-TEMP_muc2
MYBL1,http://identifiers.org/hgnc/7547
MYBPC1,http://identifiers.org/hgnc/7549
MYC,http://identifiers.org/hgnc/7553
MYL11,http://identifiers.org/hgnc/29824
MYL2,http://identifiers.org/hgnc/7583
MYL4,http://identifiers.org/hgnc/7585
MYL9,http://identifiers.org/hgnc/15754
MYO10,http://identifiers.org/hgnc/7593
MYO1B,http://identifiers.org/hgnc/7596
MYO3B,http://identifiers.org/hgnc/15576
MYO5B,http://identifiers.org/hgnc/7603
MYOCD,http://identifiers.org/hgnc/16067
MYOG,http://identifiers.org/hgnc/7612
Metallothionein,https://purl.org/ccf/ASCTB-TEMP_metallothionein
NCKAP5,http://identifiers.org/hgnc/29847
NCR1,http://identifiers.org/hgnc/6731
NCR1+,https://purl.org/ccf/ASCTB-TEMP_ncr1-
NCR3,http://identifiers.org/hgnc/19077
NDNF,http://identifiers.org/hgnc/26256
NDRG1,http://identifiers.org/hgnc/7679
NDST4,http://identifiers.org/hgnc/20779
NDUFV2,http://identifiers.org/hgnc/7717
NEB,http://identifiers.org/hgnc/7720
NECTIN2,http://identifiers.org/hgnc/9707
NEDD4,http://identifiers.org/hgnc/7727
NEFHP1,http://identifiers.org/hgnc/7738
NEFL,http://identifiers.org/hgnc/7739
NEFM,http://identifiers.org/hgnc/7734
NES,http://identifiers.org/hgnc/7756
NEURL1,https://purl.org/ccf/ASCTB-TEMP_neurl1
NFIA-AS2,http://identifiers.org/hgnc/40401
NFIX,http://identifiers.org/hgnc/7788
NGF-R TrkA,https://purl.org/ccf/ASCTB-TEMP_ngf-r-trka
NGFR,http://identifiers.org/hgnc/7809
NKG2D,https://purl.org/ccf/ASCTB-TEMP_nkg2d
NKG7,http://identifiers.org/hgnc/7830
NKX6-1,http://identifiers.org/hgnc/7839
NLGN4Y,http://identifiers.org/hgnc/15529
NMBR,http://identifiers.org/hgnc/7843
NME1,http://identifiers.org/hgnc/7849
NMU,http://identifiers.org/hgnc/7859
NMUR2,http://identifiers.org/hgnc/16454
NNAT,http://identifiers.org/hgnc/7860
NOS1,http://identifiers.org/hgnc/7872
NOSIP,http://identifiers.org/hgnc/17946
NOTCH1,http://identifiers.org/hgnc/7881
NOTCH4,http://identifiers.org/hgnc/7884
NOVA2,https://purl.org/ccf/ASCTB-TEMP_nova2
NOX4,http://identifiers.org/hgnc/7891
NPAS1,http://identifiers.org/hgnc/7894
NPDC1,http://identifiers.org/hgnc/7899
NPFFR2,http://identifiers.org/hgnc/4525
NPHS1,http://identifiers.org/hgnc/7908
NPHS2,http://identifiers.org/hgnc/13394
NPNT,http://identifiers.org/hgnc/27405
NPPC,http://identifiers.org/hgnc/7941
NPR3,http://identifiers.org/hgnc/7945
NPSR1,http://identifiers.org/hgnc/23631
NPSR1-AS1,http://identifiers.org/hgnc/22128
NPY,http://identifiers.org/hgnc/7955
NR2E3,http://identifiers.org/hgnc/7974
NR2F1,http://identifiers.org/hgnc/7975
NR2F2,http://identifiers.org/hgnc/7976
NR2F2-AS1,http://identifiers.org/hgnc/44222
NR4A2,http://identifiers.org/hgnc/7981
NRL,http://identifiers.org/hgnc/8002
NRP1,http://identifiers.org/hgnc/8004
NTAN1,http://identifiers.org/hgnc/29909
NTHL1,http://identifiers.org/hgnc/8028
NTN1,http://identifiers.org/hgnc/8029
NTNG1,http://identifiers.org/hgnc/23319
NTRK1,http://identifiers.org/hgnc/8031
NTS,http://identifiers.org/hgnc/8038
NUCB2,http://identifiers.org/hgnc/8044
NUDT4,http://identifiers.org/hgnc/8051
NUF2,http://identifiers.org/hgnc/14621
NUPR1,http://identifiers.org/hgnc/29990
NXPH1,http://identifiers.org/hgnc/20693
NXPH2,http://identifiers.org/hgnc/8076
Neurofilament 200 (NF200),https://purl.org/ccf/ASCTB-TEMP_neurofilament-200-nf200-
OBI1-AS1,http://identifiers.org/hgnc/42700
ODC1,http://identifiers.org/hgnc/8109
OLFM4,https://purl.org/ccf/ASCTB-TEMP_olfm4
OLIG1,http://identifiers.org/hgnc/16983
ONECUT1,http://identifiers.org/hgnc/8138
ONECUT2,http://identifiers.org/hgnc/8139
OPALIN,http://identifiers.org/hgnc/20707
OPHN1,http://identifiers.org/hgnc/8148
OPN1LW,http://identifiers.org/hgnc/9936
OPN1MW,http://identifiers.org/hgnc/4206
OPN1SW,http://identifiers.org/hgnc/1012
OPN4,http://identifiers.org/hgnc/14449
OR2B4P,http://identifiers.org/hgnc/8239
OR51E2,http://identifiers.org/hgnc/15195
ORM1,http://identifiers.org/hgnc/8498
OTP,http://identifiers.org/hgnc/8518
OTX2,http://identifiers.org/hgnc/8522
OTX2-AS1,http://identifiers.org/hgnc/43906
OV-6 ANTIGEN,https://purl.org/ccf/ASCTB-TEMP_ov-6-antigen
OVGP1,http://identifiers.org/hgnc/8524
P2RX3,http://identifiers.org/hgnc/8534
P2RY1,http://identifiers.org/hgnc/8539
P2RY12,http://identifiers.org/hgnc/18124
P3H2,http://identifiers.org/hgnc/19317
PAEP,https://purl.org/ccf/ASCTB-TEMP_paep
PALMD,http://identifiers.org/hgnc/15846
PAPPA2,http://identifiers.org/hgnc/14615
PAPSS2,http://identifiers.org/hgnc/8604
PARD3B,http://identifiers.org/hgnc/14446
PAWR,http://identifiers.org/hgnc/8614
PAX2,http://identifiers.org/hgnc/8616
PAX6,http://identifiers.org/hgnc/8620
PAX8,http://identifiers.org/hgnc/8622
PBX3,http://identifiers.org/hgnc/8634
PCBP3,http://identifiers.org/hgnc/8651
PCDH11X,http://identifiers.org/hgnc/8656
PCDH11Y,http://identifiers.org/hgnc/15813
PCDH18,http://identifiers.org/hgnc/14268
PCDH7,http://identifiers.org/hgnc/8659
PCOLCE,https://purl.org/ccf/ASCTB-TEMP_pcolce
PCOLCE2,http://identifiers.org/hgnc/8739
PCP2,http://identifiers.org/hgnc/30209
PCSK5,http://identifiers.org/hgnc/8747
PCSK6,http://identifiers.org/hgnc/8569
PDC,http://identifiers.org/hgnc/8759
PDCD1,http://identifiers.org/hgnc/8760
PDE11A,http://identifiers.org/hgnc/8773
PDE3A,http://identifiers.org/hgnc/8778
PDE6H,http://identifiers.org/hgnc/8790
PDGFD,http://identifiers.org/hgnc/30620
PDL1,https://purl.org/ccf/ASCTB-TEMP_pdl1
PDLIM1,http://identifiers.org/hgnc/2067
PDX1,http://identifiers.org/hgnc/6107
PDYN,http://identifiers.org/hgnc/8820
PDZD8,http://identifiers.org/hgnc/26974
PDZRN4,http://identifiers.org/hgnc/30552
PEG10,http://identifiers.org/hgnc/14005
PENK,http://identifiers.org/hgnc/8831
PERP,http://identifiers.org/hgnc/17637
PGP9.5,https://purl.org/ccf/ASCTB-TEMP_pgp9-5
PGR,http://identifiers.org/hgnc/8910
PHOX2B,http://identifiers.org/hgnc/9143
PIFO,https://purl.org/ccf/ASCTB-TEMP_pifo
PIGR,http://identifiers.org/hgnc/8968
PILRA,http://identifiers.org/hgnc/20396
PIM2,http://identifiers.org/hgnc/8987
PIP,http://identifiers.org/hgnc/8993
PITX2,http://identifiers.org/hgnc/9005
PLA2G2A,http://identifiers.org/hgnc/9031
PLA2G4A,http://identifiers.org/hgnc/9035
PLAC8,http://identifiers.org/hgnc/19254
PLAT,http://identifiers.org/hgnc/9051
PLAUR,http://identifiers.org/hgnc/9053
PLCE1,http://identifiers.org/hgnc/17175
PLCH1,http://identifiers.org/hgnc/29185
PLEKHG4B,http://identifiers.org/hgnc/29399
PLEKHH2,http://identifiers.org/hgnc/30506
PLIN2,http://identifiers.org/hgnc/248
PLPP3,http://identifiers.org/hgnc/9229
PLPP5,http://identifiers.org/hgnc/25026
PLTP,http://identifiers.org/hgnc/9093
PMAIP1,http://identifiers.org/hgnc/9108
PNLIP,http://identifiers.org/hgnc/9155
PNOC,http://identifiers.org/hgnc/9163
PODXL,http://identifiers.org/hgnc/9171
POU2AF1,http://identifiers.org/hgnc/9211
POU2F3,http://identifiers.org/hgnc/19864
POU4F1,http://identifiers.org/hgnc/9218
POU4F2,http://identifiers.org/hgnc/9219
POU4F3,http://identifiers.org/hgnc/9220
POU5F1,http://identifiers.org/hgnc/9221
POU6F2,http://identifiers.org/hgnc/21694
PPARG,http://identifiers.org/hgnc/9236
PPBP,http://identifiers.org/hgnc/9240
PPP1R17,http://identifiers.org/hgnc/16973
PPP1R1C,http://identifiers.org/hgnc/14940
PPY,http://identifiers.org/hgnc/9327
PRDM1,http://identifiers.org/hgnc/9346
PRDM16,http://identifiers.org/hgnc/14000
PRDM8,http://identifiers.org/hgnc/13993
PRDX1,http://identifiers.org/hgnc/9352
PRELID2,http://identifiers.org/hgnc/28306
PREX2,http://identifiers.org/hgnc/22950
PRG2,http://identifiers.org/hgnc/9362
PRKCA,http://identifiers.org/hgnc/9393
PRKCH,http://identifiers.org/hgnc/9403
PRLR,http://identifiers.org/hgnc/9446
PRODH,http://identifiers.org/hgnc/9453
PROM1,http://identifiers.org/hgnc/9454
PRPH,http://identifiers.org/hgnc/9461
PRR4,http://identifiers.org/hgnc/18020
PRRX1,http://identifiers.org/hgnc/9142
PRSS1,http://identifiers.org/hgnc/9475
PRSS12,http://identifiers.org/hgnc/9477
PRSS12,https://purl.org/ccf/ASCTB-TEMP_prss12
PRSS16,http://identifiers.org/hgnc/9480
PRTG,http://identifiers.org/hgnc/26373
PRTN3,http://identifiers.org/hgnc/9495
PSAT1,http://identifiers.org/hgnc/19129
PSG4,http://identifiers.org/hgnc/9521
PSMB10,http://identifiers.org/hgnc/9538
PSMB11,http://identifiers.org/hgnc/31963
PSMB9,http://identifiers.org/hgnc/9546
PTCSC3,http://identifiers.org/hgnc/43959
PTGDS,http://identifiers.org/hgnc/9592
PTGER3,http://identifiers.org/hgnc/9595
PTGS1,http://identifiers.org/hgnc/9604
PTGS1,https://purl.org/ccf/ASCTB-TEMP_ptgs1
PTH2R,http://identifiers.org/hgnc/9609
PTHLH,http://identifiers.org/hgnc/9607
PTMA,http://identifiers.org/hgnc/9623
PTN,http://identifiers.org/hgnc/9630
PTPN7,http://identifiers.org/hgnc/9659
PTPRK,http://identifiers.org/hgnc/9674
PTPRQ,http://identifiers.org/hgnc/9679
PTPRT,http://identifiers.org/hgnc/9682
PVALB,http://identifiers.org/hgnc/9704
PYCR1,http://identifiers.org/hgnc/9721
PYGB,http://identifiers.org/hgnc/9723
PYGM,http://identifiers.org/hgnc/9726
Podoplanin,https://purl.org/ccf/ASCTB-TEMP_podoplanin
QRFPR,http://identifiers.org/hgnc/15565
RAG1,http://identifiers.org/hgnc/9831
RAG2,http://identifiers.org/hgnc/9832
RAMP2,http://identifiers.org/hgnc/9844
RAMP3,http://identifiers.org/hgnc/9845
RAP1GAP,http://identifiers.org/hgnc/9858
RARA,http://identifiers.org/hgnc/9864
RARRES1,http://identifiers.org/hgnc/9867
RASSF3,http://identifiers.org/hgnc/14271
RASSF6,http://identifiers.org/hgnc/20796
RBMS3-AS2,http://identifiers.org/hgnc/39988
RBP3,http://identifiers.org/hgnc/9921
RBP5,http://identifiers.org/hgnc/15847
RBPMS,http://identifiers.org/hgnc/19097
RCAN1,http://identifiers.org/hgnc/3040
RCVRN,http://identifiers.org/hgnc/9937
RELN,http://identifiers.org/hgnc/9957
REN,http://identifiers.org/hgnc/9958
RERGL,http://identifiers.org/hgnc/26213
RGC5,https://purl.org/ccf/ASCTB-TEMP_rgc5
RGCC,http://identifiers.org/hgnc/20369
RGMB,http://identifiers.org/hgnc/26896
RGS1,http://identifiers.org/hgnc/9991
RGS13,http://identifiers.org/hgnc/9995
RGS16,http://identifiers.org/hgnc/9997
RGS18,http://identifiers.org/hgnc/14261
RGS5_ENSG00000143248,https://purl.org/ccf/ASCTB-TEMP_rgs5ensg00000143248
RGS6,http://identifiers.org/hgnc/10002
RHAG,http://identifiers.org/hgnc/10006
RHCE,http://identifiers.org/hgnc/10008
RHO,http://identifiers.org/hgnc/10012
RLBP1,http://identifiers.org/hgnc/10024
RMST,http://identifiers.org/hgnc/29893
RNASE1,http://identifiers.org/hgnc/10044
RNASE3,http://identifiers.org/hgnc/10046
RNF19A,http://identifiers.org/hgnc/13432
RNF220,http://identifiers.org/hgnc/25552
RNF43,https://purl.org/ccf/ASCTB-TEMP_rnf43
RO,https://purl.org/ccf/ASCTB-TEMP_ro
ROBO1,http://identifiers.org/hgnc/10249
ROBO2,http://identifiers.org/hgnc/10250
ROBO3,http://identifiers.org/hgnc/13433
ROR1,http://identifiers.org/hgnc/10256
ROR2,http://identifiers.org/hgnc/10257
RORC,http://identifiers.org/hgnc/10260
RP1-35C21.2,https://purl.org/ccf/ASCTB-TEMP_rp1-35c21-2
RP1-45C12.1,https://purl.org/ccf/ASCTB-TEMP_rp1-45c12-1
RP1-71H24.1,https://purl.org/ccf/ASCTB-TEMP_rp1-71h24-1
RP11-111G13.1,https://purl.org/ccf/ASCTB-TEMP_rp11-111g13-1
RP11-114G22.1,https://purl.org/ccf/ASCTB-TEMP_rp11-114g22-1
RP11-115D10.1,https://purl.org/ccf/ASCTB-TEMP_rp11-115d10-1
RP11-120L14.1,https://purl.org/ccf/ASCTB-TEMP_rp11-120l14-1
RP11-134O15.3,https://purl.org/ccf/ASCTB-TEMP_rp11-134o15-3
RP11-142C4.6,https://purl.org/ccf/ASCTB-TEMP_rp11-142c4-6
RP11-142I20.2,https://purl.org/ccf/ASCTB-TEMP_rp11-142i20-2
RP11-153I24.5,https://purl.org/ccf/ASCTB-TEMP_rp11-153i24-5
RP11-154H17.1,https://purl.org/ccf/ASCTB-TEMP_rp11-154h17-1
RP11-167H9.4,https://purl.org/ccf/ASCTB-TEMP_rp11-167h9-4
RP11-191L9.4,https://purl.org/ccf/ASCTB-TEMP_rp11-191l9-4
RP11-197H3.1,https://purl.org/ccf/ASCTB-TEMP_rp11-197h3-1
RP11-197K6.1,https://purl.org/ccf/ASCTB-TEMP_rp11-197k6-1
RP11-217C7.1,https://purl.org/ccf/ASCTB-TEMP_rp11-217c7-1
RP11-221G19.1,https://purl.org/ccf/ASCTB-TEMP_rp11-221g19-1
RP11-238K6.2,https://purl.org/ccf/ASCTB-TEMP_rp11-238k6-2
RP11-259K15.2,https://purl.org/ccf/ASCTB-TEMP_rp11-259k15-2
RP11-265I24.1,https://purl.org/ccf/ASCTB-TEMP_rp11-265i24-1
RP11-274H24.2,https://purl.org/ccf/ASCTB-TEMP_rp11-274h24-2
RP11-284G10.1,https://purl.org/ccf/ASCTB-TEMP_rp11-284g10-1
RP11-286O1.1,https://purl.org/ccf/ASCTB-TEMP_rp11-286o1-1
RP11-287J11.1,https://purl.org/ccf/ASCTB-TEMP_rp11-287j11-1
RP11-297I23.1,https://purl.org/ccf/ASCTB-TEMP_rp11-297i23-1
RP11-312A15.5,https://purl.org/ccf/ASCTB-TEMP_rp11-312a15-5
RP11-320L2.1,https://purl.org/ccf/ASCTB-TEMP_rp11-320l2-1
RP11-321P16.3,https://purl.org/ccf/ASCTB-TEMP_rp11-321p16-3
RP11-335E8.3,https://purl.org/ccf/ASCTB-TEMP_rp11-335e8-3
RP11-33A14.1,https://purl.org/ccf/ASCTB-TEMP_rp11-33a14-1
RP11-340A13.4,https://purl.org/ccf/ASCTB-TEMP_rp11-340a13-4
RP11-34C15.2,https://purl.org/ccf/ASCTB-TEMP_rp11-34c15-2
RP11-354I13.2,https://purl.org/ccf/ASCTB-TEMP_rp11-354i13-2
RP11-354K4.2,https://purl.org/ccf/ASCTB-TEMP_rp11-354k4-2
RP11-358P11.1,https://purl.org/ccf/ASCTB-TEMP_rp11-358p11-1
RP11-369E15.3,https://purl.org/ccf/ASCTB-TEMP_rp11-369e15-3
RP11-370B11.4,https://purl.org/ccf/ASCTB-TEMP_rp11-370b11-4
RP11-370K2.1,https://purl.org/ccf/ASCTB-TEMP_rp11-370k2-1
RP11-380P13.1,https://purl.org/ccf/ASCTB-TEMP_rp11-380p13-1
RP11-387P12.1,https://purl.org/ccf/ASCTB-TEMP_rp11-387p12-1
RP11-38B6.1,https://purl.org/ccf/ASCTB-TEMP_rp11-38b6-1
RP11-404H1.1,https://purl.org/ccf/ASCTB-TEMP_rp11-404h1-1
RP11-410K21.2,https://purl.org/ccf/ASCTB-TEMP_rp11-410k21-2
RP11-412K20.1,https://purl.org/ccf/ASCTB-TEMP_rp11-412k20-1
RP11-418J17.3,https://purl.org/ccf/ASCTB-TEMP_rp11-418j17-3
RP11-421N8.3,https://purl.org/ccf/ASCTB-TEMP_rp11-421n8-3
RP11-460M2.1,https://purl.org/ccf/ASCTB-TEMP_rp11-460m2-1
RP11-467L24.1,https://purl.org/ccf/ASCTB-TEMP_rp11-467l24-1
RP11-46H14.1,https://purl.org/ccf/ASCTB-TEMP_rp11-46h14-1
RP11-484I6.9,https://purl.org/ccf/ASCTB-TEMP_rp11-484i6-9
RP11-484N11.1,https://purl.org/ccf/ASCTB-TEMP_rp11-484n11-1
RP11-491F9.1,https://purl.org/ccf/ASCTB-TEMP_rp11-491f9-1
RP11-511B7.2,https://purl.org/ccf/ASCTB-TEMP_rp11-511b7-2
RP11-517I3.1,https://purl.org/ccf/ASCTB-TEMP_rp11-517i3-1
RP11-537P24.1,https://purl.org/ccf/ASCTB-TEMP_rp11-537p24-1
RP11-563D10.1,https://purl.org/ccf/ASCTB-TEMP_rp11-563d10-1
RP11-60A8.1,https://purl.org/ccf/ASCTB-TEMP_rp11-60a8-1
RP11-622O11.6,https://purl.org/ccf/ASCTB-TEMP_rp11-622o11-6
RP11-624A4.2,https://purl.org/ccf/ASCTB-TEMP_rp11-624a4-2
RP11-632B21.2,https://purl.org/ccf/ASCTB-TEMP_rp11-632b21-2
RP11-63G10.4,https://purl.org/ccf/ASCTB-TEMP_rp11-63g10-4
RP11-640F22.1,https://purl.org/ccf/ASCTB-TEMP_rp11-640f22-1
RP11-649A16.1,https://purl.org/ccf/ASCTB-TEMP_rp11-649a16-1
RP11-656G20.1,https://purl.org/ccf/ASCTB-TEMP_rp11-656g20-1
RP11-66G15.1,https://purl.org/ccf/ASCTB-TEMP_rp11-66g15-1
RP11-690J15.1,https://purl.org/ccf/ASCTB-TEMP_rp11-690j15-1
RP11-719N9.1,https://purl.org/ccf/ASCTB-TEMP_rp11-719n9-1
RP11-729M20.1,https://purl.org/ccf/ASCTB-TEMP_rp11-729m20-1
RP11-799O21.2,https://purl.org/ccf/ASCTB-TEMP_rp11-799o21-2
RP11-79E3.2,https://purl.org/ccf/ASCTB-TEMP_rp11-79e3-2
RP11-81D17.1,https://purl.org/ccf/ASCTB-TEMP_rp11-81d17-1
RP11-81F8.1,https://purl.org/ccf/ASCTB-TEMP_rp11-81f8-1
RP11-829H16.3,https://purl.org/ccf/ASCTB-TEMP_rp11-829h16-3
RP11-875G18.1,https://purl.org/ccf/ASCTB-TEMP_rp11-875g18-1
RP11-89N17.4,https://purl.org/ccf/ASCTB-TEMP_rp11-89n17-4
RP11-964E11.3,https://purl.org/ccf/ASCTB-TEMP_rp11-964e11-3
RP11-97F8.2,https://purl.org/ccf/ASCTB-TEMP_rp11-97f8-2
RP3-401D24.1,https://purl.org/ccf/ASCTB-TEMP_rp3-401d24-1
RP4-668E10.4,https://purl.org/ccf/ASCTB-TEMP_rp4-668e10-4
RP4-678D15.1,https://purl.org/ccf/ASCTB-TEMP_rp4-678d15-1
RP4-736H5.3,https://purl.org/ccf/ASCTB-TEMP_rp4-736h5-3
RP4-809F18.1,https://purl.org/ccf/ASCTB-TEMP_rp4-809f18-1
RP5-1101C3.1,https://purl.org/ccf/ASCTB-TEMP_rp5-1101c3-1
RP5-1180C18.1,https://purl.org/ccf/ASCTB-TEMP_rp5-1180c18-1
RPE65,http://identifiers.org/hgnc/10294
RPL17,http://identifiers.org/hgnc/10307
RPL26,http://identifiers.org/hgnc/10327
RPL36A,http://identifiers.org/hgnc/10359
RPRM,http://identifiers.org/hgnc/24201
RREB1,http://identifiers.org/hgnc/10449
RSPH1,http://identifiers.org/hgnc/12371
RSPO3,http://identifiers.org/hgnc/20866
RUNX3,http://identifiers.org/hgnc/10473
RXFP2,http://identifiers.org/hgnc/17318
RXRA,http://identifiers.org/hgnc/10477
RXRG,http://identifiers.org/hgnc/10479
S100,https://purl.org/ccf/ASCTB-TEMP_s100
S100A2,http://identifiers.org/hgnc/10492
S100A4,http://identifiers.org/hgnc/10494
S100A6,http://identifiers.org/hgnc/10496
S100A9,http://identifiers.org/hgnc/10499
S100B,http://identifiers.org/hgnc/10500
S100Z,http://identifiers.org/hgnc/30367
S1PR1,http://identifiers.org/hgnc/3165
SAA1,http://identifiers.org/hgnc/10513
SAG,http://identifiers.org/hgnc/10521
SALL3,http://identifiers.org/hgnc/10527
SAMD3,http://identifiers.org/hgnc/21574
SATB1-AS1,http://identifiers.org/hgnc/50687
SATB2,http://identifiers.org/hgnc/21637
SCART1,http://identifiers.org/hgnc/32411
SCGB1A1,http://identifiers.org/hgnc/12523
SCGB2A2,https://purl.org/ccf/ASCTB-TEMP_scgb2a2
SCGB3A1,http://identifiers.org/hgnc/18384
SCGN,http://identifiers.org/hgnc/16941
SCHLAP1,http://identifiers.org/hgnc/48603
SCIN,http://identifiers.org/hgnc/21695
SCN11A,http://identifiers.org/hgnc/10583
SCN1A,http://identifiers.org/hgnc/10585
SCN2A,http://identifiers.org/hgnc/10588
SCN5A,http://identifiers.org/hgnc/10593
SCN9A,http://identifiers.org/hgnc/10597
SCNN1G,http://identifiers.org/hgnc/10602
SCTR,http://identifiers.org/hgnc/10608
SCX,http://identifiers.org/hgnc/32322
SEC11C,http://identifiers.org/hgnc/23400
SEC16B,http://identifiers.org/hgnc/30301
SELE,http://identifiers.org/hgnc/10718
SELENBP1,https://purl.org/ccf/ASCTB-TEMP_selenbp1
SELENOP,http://identifiers.org/hgnc/10751
SELP,http://identifiers.org/hgnc/10721
SEMA3A,http://identifiers.org/hgnc/10723
SEMA3B,http://identifiers.org/hgnc/10724
SEMA3C,http://identifiers.org/hgnc/10725
SEMA3D,http://identifiers.org/hgnc/10726
SEMA3E,http://identifiers.org/hgnc/10727
SEMA3G,http://identifiers.org/hgnc/30400
SEMA3G,https://purl.org/ccf/ASCTB-TEMP_sema3g
SEMA5A,http://identifiers.org/hgnc/10736
SEMA6D,http://identifiers.org/hgnc/16770
SEPP1,https://purl.org/ccf/ASCTB-TEMP_sepp1
SERPINB1,http://identifiers.org/hgnc/3311
SERPINE2,http://identifiers.org/hgnc/8951
SERPINF1,http://identifiers.org/hgnc/8824
SFTA2,http://identifiers.org/hgnc/18386
SFTPA2,http://identifiers.org/hgnc/10799
SFTPC,http://identifiers.org/hgnc/10802
SGMS2,http://identifiers.org/hgnc/28395
SGO1-AS1,http://identifiers.org/hgnc/41081
SH3BP5,http://identifiers.org/hgnc/10827
SH3GL3,http://identifiers.org/hgnc/10832
SH3RF2,http://identifiers.org/hgnc/26299
SHISA8,http://identifiers.org/hgnc/18351
SHOX2,http://identifiers.org/hgnc/10854
SI,https://purl.org/ccf/ASCTB-TEMP_si
SIGLEC6,http://identifiers.org/hgnc/10875
SIM1,http://identifiers.org/hgnc/10882
SIRPA,http://identifiers.org/hgnc/9662
SIX3,http://identifiers.org/hgnc/10889
SLC12A1,http://identifiers.org/hgnc/10910
SLC12A3,http://identifiers.org/hgnc/10912
SLC13A1,http://identifiers.org/hgnc/10916
SLC13A3,http://identifiers.org/hgnc/14430
SLC14A1,http://identifiers.org/hgnc/10918
SLC14A2,http://identifiers.org/hgnc/10919
SLC16A1,http://identifiers.org/hgnc/10922
SLC17A1,http://identifiers.org/hgnc/10929
SLC17A6,http://identifiers.org/hgnc/16703
SLC17A8,http://identifiers.org/hgnc/20151
SLC18A2,http://identifiers.org/hgnc/10935
SLC18A3,http://identifiers.org/hgnc/10936
SLC19A1,http://identifiers.org/hgnc/10937
SLC1A2,http://identifiers.org/hgnc/10940
SLC1A3,http://identifiers.org/hgnc/10941
SLC22A3,http://identifiers.org/hgnc/10967
SLC22A6,http://identifiers.org/hgnc/10970
SLC22A7,http://identifiers.org/hgnc/10971
SLC22A8,http://identifiers.org/hgnc/10972
SLC26A2,https://purl.org/ccf/ASCTB-TEMP_slc26a2
SLC26A4,http://identifiers.org/hgnc/8818
SLC26A7,http://identifiers.org/hgnc/14467
SLC2A1,http://identifiers.org/hgnc/11005
SLC34A1,http://identifiers.org/hgnc/11019
SLC35F3,http://identifiers.org/hgnc/23616
SLC40A1,http://identifiers.org/hgnc/10909
SLC44A5,http://identifiers.org/hgnc/28524
SLC47A1,http://identifiers.org/hgnc/25588
SLC4A11,http://identifiers.org/hgnc/16438
SLC4A9,http://identifiers.org/hgnc/11035
SLC5A11,http://identifiers.org/hgnc/23091
SLC5A2,http://identifiers.org/hgnc/11037
SLC5A5,http://identifiers.org/hgnc/11040
SLC5A7,http://identifiers.org/hgnc/14025
SLC6A13,http://identifiers.org/hgnc/11046
SLC6A20,http://identifiers.org/hgnc/30927
SLC6A3,http://identifiers.org/hgnc/11049
SLC6A4,http://identifiers.org/hgnc/11050
SLC6A5,http://identifiers.org/hgnc/11051
SLC6A9,http://identifiers.org/hgnc/11056
SLC7A11,http://identifiers.org/hgnc/11059
SLC8A1,http://identifiers.org/hgnc/11068
SLC9A3,http://identifiers.org/hgnc/11073
SLC9C1,http://identifiers.org/hgnc/31401
SLITRK4,http://identifiers.org/hgnc/23502
SLITRK6,http://identifiers.org/hgnc/23503
SLPI,http://identifiers.org/hgnc/11092
SMC4,http://identifiers.org/hgnc/14013
SMOC1,http://identifiers.org/hgnc/20318
SMOC2,http://identifiers.org/hgnc/20323
SMTN,http://identifiers.org/hgnc/11126
SNAP25,http://identifiers.org/hgnc/11132
SNCG,http://identifiers.org/hgnc/11141
SNHG14,http://identifiers.org/hgnc/37462
SNTG2,http://identifiers.org/hgnc/13741
SOCS1,http://identifiers.org/hgnc/19383
SORL1,http://identifiers.org/hgnc/11185
SOX11,http://identifiers.org/hgnc/11191
SOX2-OT,http://identifiers.org/hgnc/20209
SOX5,http://identifiers.org/hgnc/11201
SOX6,http://identifiers.org/hgnc/16421
SPARC,http://identifiers.org/hgnc/11219
SPARCL1,http://identifiers.org/hgnc/11220
SPHKAP,http://identifiers.org/hgnc/30619
SPI1,http://identifiers.org/hgnc/11241
SPINK5,http://identifiers.org/hgnc/15464
SPN,http://identifiers.org/hgnc/11249
SPON1,http://identifiers.org/hgnc/11252
SPTA1,http://identifiers.org/hgnc/11272
SPTSSB,http://identifiers.org/hgnc/24045
SRGAP1,http://identifiers.org/hgnc/17382
SRGN,http://identifiers.org/hgnc/9361
SSR4,http://identifiers.org/hgnc/11326
SST,http://identifiers.org/hgnc/11329
ST18,http://identifiers.org/hgnc/18695
ST8SIA6,http://identifiers.org/hgnc/23317
STAB1,http://identifiers.org/hgnc/18628
STAB2,http://identifiers.org/hgnc/18629
STAC,http://identifiers.org/hgnc/11353
STAT1,http://identifiers.org/hgnc/11362
STC1,http://identifiers.org/hgnc/11373
STC2,http://identifiers.org/hgnc/11374
STK17A,http://identifiers.org/hgnc/11395
STK32A,http://identifiers.org/hgnc/28317
STK32B,http://identifiers.org/hgnc/14217
STOM,http://identifiers.org/hgnc/3383
STON2,http://identifiers.org/hgnc/30652
SUCO,http://identifiers.org/hgnc/1240
SULF1,http://identifiers.org/hgnc/20391
SV2C,http://identifiers.org/hgnc/30670
SVEP1,http://identifiers.org/hgnc/15985
SVIL,http://identifiers.org/hgnc/11480
SYK,http://identifiers.org/hgnc/11491
SYNPO2,http://identifiers.org/hgnc/17732
SYP,http://identifiers.org/hgnc/11506
SYT1,http://identifiers.org/hgnc/11509
SYT10,http://identifiers.org/hgnc/19266
SYT2,http://identifiers.org/hgnc/11510
SYT2,https://purl.org/ccf/ASCTB-TEMP_syt2
SYT6,http://identifiers.org/hgnc/18638
SYT9,http://identifiers.org/hgnc/19265
Synaptophysin,https://purl.org/ccf/ASCTB-TEMP_synaptophysin
TAC1,http://identifiers.org/hgnc/11517
TAC3,http://identifiers.org/hgnc/11521
TACR1,http://identifiers.org/hgnc/11526
TACR3,http://identifiers.org/hgnc/11528
TACSTD2,http://identifiers.org/hgnc/11530
TAFA1,http://identifiers.org/hgnc/21587
TAFA4,http://identifiers.org/hgnc/21591
TAGLN,http://identifiers.org/hgnc/11553
TAGLN,https://purl.org/ccf/ASCTB-TEMP_tagln
TBX1,http://identifiers.org/hgnc/11592
TBX18,http://identifiers.org/hgnc/11595
TBX21,http://identifiers.org/hgnc/11599
TBX3,http://identifiers.org/hgnc/11602
TCF21,http://identifiers.org/hgnc/11632
TCF4,http://identifiers.org/hgnc/11634
TCF7L2,http://identifiers.org/hgnc/11641
TCRab,https://purl.org/ccf/ASCTB-TEMP_tcrab
TEK,http://identifiers.org/hgnc/11724
TENT5A,http://identifiers.org/hgnc/18345
TESPA1,http://identifiers.org/hgnc/29109
TF,http://identifiers.org/hgnc/11740
TFAP2A,http://identifiers.org/hgnc/11742
TFAP2B,http://identifiers.org/hgnc/11743
TFAP2C,http://identifiers.org/hgnc/11744
TFAP2D,http://identifiers.org/hgnc/15581
TFF2,http://identifiers.org/hgnc/11756
TFF3,http://identifiers.org/hgnc/11757
TFPI,http://identifiers.org/hgnc/11760
TFPI2,http://identifiers.org/hgnc/11761
TG,http://identifiers.org/hgnc/11764
TGF-��-RI,https://purl.org/ccf/ASCTB-TEMP_tgf-ri
TGF-��-RII,https://purl.org/ccf/ASCTB-TEMP_tgf-rii
TGFA,http://identifiers.org/hgnc/11765
TGFBR2,http://identifiers.org/hgnc/11773
THSD7B,http://identifiers.org/hgnc/29348
TIA1,http://identifiers.org/hgnc/11802
TIE1,http://identifiers.org/hgnc/11809
TIGIT,http://identifiers.org/hgnc/26838
TINAG,http://identifiers.org/hgnc/14599
TLDC2,http://identifiers.org/hgnc/16112
TLE5,http://identifiers.org/hgnc/307
TLL1,http://identifiers.org/hgnc/11843
TM4SF1,http://identifiers.org/hgnc/11853
TMEM132C,http://identifiers.org/hgnc/25436
TMEM207,http://identifiers.org/hgnc/33705
TMEM213,http://identifiers.org/hgnc/27220
TMEM233,http://identifiers.org/hgnc/37219
TMEM255A,http://identifiers.org/hgnc/26086
TMSB4X,http://identifiers.org/hgnc/11881
TNC,http://identifiers.org/hgnc/5318
TNF,http://identifiers.org/hgnc/11892
TNFRSF25,http://identifiers.org/hgnc/11910
TNFRSF4,http://identifiers.org/hgnc/11918
TNFRSF9,http://identifiers.org/hgnc/11924
TNFSF10,http://identifiers.org/hgnc/11925
TNNI2,http://identifiers.org/hgnc/11946
TNNT3,http://identifiers.org/hgnc/11950
TP53I3,https://purl.org/ccf/ASCTB-TEMP_tp53i3
TPH1,http://identifiers.org/hgnc/12008
TPH2,http://identifiers.org/hgnc/20692
TPM2,http://identifiers.org/hgnc/12011
TPPP3,https://purl.org/ccf/ASCTB-TEMP_tppp3
TRABD2A,http://identifiers.org/hgnc/27013
TRAC,http://identifiers.org/hgnc/12029
TRAJ18,http://identifiers.org/hgnc/12046
TRAJ24,http://identifiers.org/hgnc/12053
TRAV11,http://identifiers.org/hgnc/12104
TRBC1,http://identifiers.org/hgnc/12156
TRD,http://identifiers.org/hgnc/12252
TRDC,http://identifiers.org/hgnc/12253
TRG,http://identifiers.org/hgnc/12271
TRGC2,http://identifiers.org/hgnc/12276
TRGV2,http://identifiers.org/hgnc/12287
TRHDE,http://identifiers.org/hgnc/30748
TRIM22,http://identifiers.org/hgnc/16379
TRP,https://purl.org/ccf/ASCTB-TEMP_trp
TRPC3,http://identifiers.org/hgnc/12335
TRPC5,http://identifiers.org/hgnc/12337
TRPC6,http://identifiers.org/hgnc/12338
TRPC7,http://identifiers.org/hgnc/20754
TRPM1,http://identifiers.org/hgnc/7146
TRPM2,http://identifiers.org/hgnc/12339
TRPM3,http://identifiers.org/hgnc/17992
TRPM6,http://identifiers.org/hgnc/17995
TRPV2,http://identifiers.org/hgnc/18082
TRPV4,http://identifiers.org/hgnc/18083
TRPV5,http://identifiers.org/hgnc/3145
TSHZ1,http://identifiers.org/hgnc/10669
TSHZ2,http://identifiers.org/hgnc/13010
TSLP,http://identifiers.org/hgnc/30743
TSPAN1,http://identifiers.org/hgnc/20657
TSPAN12,http://identifiers.org/hgnc/21641
TSPAN18,http://identifiers.org/hgnc/20660
TSPO2,http://identifiers.org/hgnc/21256
TTC6,http://identifiers.org/hgnc/19739
TTN,http://identifiers.org/hgnc/12403
TTR,http://identifiers.org/hgnc/12405
TUBA1A,http://identifiers.org/hgnc/20766
TUBB,http://identifiers.org/hgnc/20778
TUBB4B,http://identifiers.org/hgnc/20771
TYMS,http://identifiers.org/hgnc/12441
TYROBP,http://identifiers.org/hgnc/12449
TYW3,http://identifiers.org/hgnc/24757
Transferrin-R CD71,https://purl.org/ccf/ASCTB-TEMP_transferrin-r-cd71
UCHL1,http://identifiers.org/hgnc/12513
UGCG,http://identifiers.org/hgnc/12524
UHRF1,http://identifiers.org/hgnc/12556
UMOD,http://identifiers.org/hgnc/12559
UMODL1,http://identifiers.org/hgnc/12560
UNC5B,http://identifiers.org/hgnc/12568
UPK1A,http://identifiers.org/hgnc/12577
UPK1A-AS1,http://identifiers.org/hgnc/40603
UPK3B,http://identifiers.org/hgnc/21444
Ulex+,https://purl.org/ccf/ASCTB-TEMP_ulex-
VASH2,http://identifiers.org/hgnc/25723
VAT1L,http://identifiers.org/hgnc/29315
VAV3,http://identifiers.org/hgnc/12659
VCAM1,http://identifiers.org/hgnc/12663
VEGFD,http://identifiers.org/hgnc/3708
VEPH1,http://identifiers.org/hgnc/25735
VGLL3,http://identifiers.org/hgnc/24327
VIP,http://identifiers.org/hgnc/12693
VIPR2,http://identifiers.org/hgnc/12695
VPREB1,http://identifiers.org/hgnc/12709
VSX1,http://identifiers.org/hgnc/12723
VSX2,http://identifiers.org/hgnc/1975
VWC2L,http://identifiers.org/hgnc/37203
VWF,http://identifiers.org/hgnc/12726
WARS1,http://identifiers.org/hgnc/12729
WDR49,http://identifiers.org/hgnc/26587
WDR86,http://identifiers.org/hgnc/28020
WNT16,http://identifiers.org/hgnc/16267
WNT2,http://identifiers.org/hgnc/12780
WNT2B,http://identifiers.org/hgnc/12781
XACT,http://identifiers.org/hgnc/45056
XBP1,http://identifiers.org/hgnc/12801
XCR1,http://identifiers.org/hgnc/1625
XIST,http://identifiers.org/hgnc/12810
YBX3,http://identifiers.org/hgnc/2428
ZBTB16,http://identifiers.org/hgnc/12930
ZBTB7C,http://identifiers.org/hgnc/31700
ZEB2,http://identifiers.org/hgnc/14881
ZFHX3,http://identifiers.org/hgnc/777
ZFPM2-AS1,http://identifiers.org/hgnc/50698
ZIC1,http://identifiers.org/hgnc/12872
ZIC2,http://identifiers.org/hgnc/12873
ZNF736P9Y,http://identifiers.org/hgnc/38408
[Leu5]- and [Met5]-enkephalin,https://purl.org/ccf/ASCTB-TEMP_-leu5-and-met5-enkephalin
a smooth muscle actin,https://purl.org/ccf/ASCTB-TEMP_a-smooth-muscle-actin
aSMA,https://purl.org/ccf/ASCTB-TEMP_asma
acid phosphatase,https://purl.org/ccf/ASCTB-TEMP_acid-phosphatase
alkaline phosphatase,https://purl.org/ccf/ASCTB-TEMP_alkaline-phosphatase
alpha Defensin 5a,https://purl.org/ccf/ASCTB-TEMP_alpha-defensin-5a
bP-21201H5.1,https://purl.org/ccf/ASCTB-TEMP_bp-21201h5-1
caldesmon,https://purl.org/ccf/ASCTB-TEMP_caldesmon
calponin,https://purl.org/ccf/ASCTB-TEMP_calponin
carbohydrate epitope 15 (3-fucosyl-N-acetyl-lactosamine),https://purl.org/ccf/ASCTB-TEMP_carbohydrate-epitope-15-3-fucosyl-n-acetyl-lactosamine-
cholesterol esters,https://purl.org/ccf/ASCTB-TEMP_cholesterol-esters
chromogranin A,https://purl.org/ccf/ASCTB-TEMP_chromogranin-a
guanylin,https://purl.org/ccf/ASCTB-TEMP_guanylin
keratin 19,https://purl.org/ccf/ASCTB-TEMP_keratin-19
keratin K3/K12,https://purl.org/ccf/ASCTB-TEMP_keratin-k3-k12
keratin K5/K14,https://purl.org/ccf/ASCTB-TEMP_keratin-k5-k14
langerin,https://purl.org/ccf/ASCTB-TEMP_langerin
m/z 769.5598,https://purl.org/ccf/ASCTB-TEMP_m-z-769-5598
m/z 788.6153,https://purl.org/ccf/ASCTB-TEMP_m-z-788-6153
m/z 851.6397,https://purl.org/ccf/ASCTB-TEMP_m-z-851-6397
melanA,https://purl.org/ccf/ASCTB-TEMP_melana
myristoylated filensin,https://purl.org/ccf/ASCTB-TEMP_myristoylated-filensin
non-specific esterase,https://purl.org/ccf/ASCTB-TEMP_non-specific-esterase
p60,https://purl.org/ccf/ASCTB-TEMP_p60
peptide histidine-isoleucine (PHI),https://purl.org/ccf/ASCTB-TEMP_peptide-histidine-isoleucine-phi-
receptor tyrosine kinase RET,https://purl.org/ccf/ASCTB-TEMP_receptor-tyrosine-kinase-ret
sialyl lewis a antigen,https://purl.org/ccf/ASCTB-TEMP_sialyl-lewis-a-antigen
substance P (SP),https://purl.org/ccf/ASCTB-TEMP_substance-p-sp-
synaptophysin,https://purl.org/ccf/ASCTB-TEMP_synaptophysin
tropomyosin,https://purl.org/ccf/ASCTB-TEMP_tropomyosin
truncated/phosphorylated forms of AQP0,https://purl.org/ccf/ASCTB-TEMP_truncated-phosphorylated-forms-of-aqp0
uroguanylin,https://purl.org/ccf/ASCTB-TEMP_uroguanylin
